ZoomInfo Company ID,Company Name,Website,Founded Year,Company HQ Phone,Fax,Ticker,Revenue (in 000s USD),Revenue Range (in USD),Employees,Employee Range,SIC Code 1,SIC Code 2,SIC Codes,NAICS Code 1,NAICS Code 2,NAICS Codes,Primary Industry,Primary Sub-Industry,All Industries,All Sub-Industries,Industry Hierarchical Category,Secondary Industry Hierarchical Category,Alexa Rank,ZoomInfo Company Profile URL,LinkedIn Company Profile URL,Facebook Company Profile URL,Twitter Company Profile URL,Ownership Type,Business Model,Certified Active Company,Certification Date,Total Funding Amount (in 000s USD),Recent Funding Amount (in 000s USD),Recent Funding Round,Recent Funding Date,Recent Investors,All Investors,Company Street Address,Company City,Company State,Company Zip Code,Company Country,Full Address,Number of Locations,Company Is Acquired,Company ID (Ultimate Parent),Entity Name (Ultimate Parent),Company ID (Immediate Parent),Entity Name (Immediate Parent),Relationship (Immediate Parent),Query Name
"411251346","Solar Kleen","www.solarkleen.com","","(800) 545-6557","","","2037","$1 mil. - $5 mil.","10","Employees.10to19","5074","507","50;507;5074","423720","42372","42;423;4237;42372;423720","Retail","Home Improvement & Hardware Retail","Retail","Home Improvement & Hardware Retail","retail","retail.hardware","","https://app.zoominfo.com/#/apps/profile/company/411251346","http://www.linkedin.com/company/solar-kleen-llc","","","Private","B2C","No","","0","0","","","","","1 Broadway Unit 2","Belle Mead","New Jersey","08502","United States","1 Broadway Unit 2, Belle Mead, New Jersey, 08502, United States","1","","","","","","","instantexportexcel1714527043682"
"564453088","Solar Gleam Energy","solargleam.energy","2020","","","","2808","$1 mil. - $5 mil.","17","Employees.10to19","1629","162","16;162;1629","237130","23713","22;221;23;237;2371;23713;237130","Energy, Utilities & Waste","Electricity, Oil & Gas","Energy, Utilities & Waste;Construction","Electricity, Oil & Gas;Civil Engineering Construction","energy","energy.energy","","https://app.zoominfo.com/#/apps/profile/company/564453088","http://www.linkedin.com/company/solar-gleam-energy","http://www.facebook.com/solargleamfb","","Private","B2B","Yes","August 29, 2023","0","0","","","","","252 Nassau St","Princeton","New Jersey","08542","United States","252 Nassau St, Princeton, New Jersey, 08542, United States","1","","","","","","","instantexportexcel1714527043682"
"1333961194","Community Solar Circle","www.communitysolarcircle.com","","(866) 283-6188","","","2182","$1 mil. - $5 mil.","14","Employees.10to19","4931","493","49;493;4931","221118","22111","22;221;2211;22111;221118","Energy, Utilities & Waste","Electricity, Oil & Gas","Energy, Utilities & Waste","Electricity, Oil & Gas","energy","energy.energy","","https://app.zoominfo.com/#/apps/profile/company/1333961194","","http://www.facebook.com/communitysolarcircle","","Private","","No","","0","0","","","","","800 Market St","Camden","New Jersey","08102","United States","800 Market St, Camden, New Jersey, 08102, United States","1","","","","","","","instantexportexcel1714527043682"
"1311629399","Go Solar New Jersey","www.gosolarnewjersey.org","","","","","2504","$1 mil. - $5 mil.","17","Employees.10to19","8661","866","86;866;8661","813110","81311","81;813;8131;81311;813110","Organizations","Religious Organizations","Organizations","Religious Organizations","orgs","orgs.religious","","https://app.zoominfo.com/#/apps/profile/company/1311629399","","http://www.facebook.com/go-solar-new-jersey-101903135104680","http://www.twitter.com/solar_jersey","Private","","No","","0","0","","","","","3304 Sylon Blvd 2","Hainesport","New Jersey","08036","United States","3304 Sylon Blvd 2, Hainesport, New Jersey, 08036, United States","1","","","","","","","instantexportexcel1714527043682"
"358660520","Eco Solar Solutions","www.ecosolarsolutionsllc.com","","","","","401","Under $500,000","3","Employees.1to4","1629","162","16;162;1629","237130","23713","23;237;2371;23713;237130","Construction","Civil Engineering Construction","Construction","Civil Engineering Construction","construction","construction.civil","","https://app.zoominfo.com/#/apps/profile/company/358660520","","","","Private","","No","","0","0","","","","","PO Box 622","Peapack","New Jersey","07977","United States","PO Box 622, Peapack, New Jersey, 07977, United States","","","","","","","","instantexportexcel1714527043682"
"1281450684","Solar nails","","","(732) 326-0008","","","113","Under $500,000","2","Employees.1to4","7231","723","72;723;7231","812113","81211","81;812;8121;81211;812113","Consumer Services","Barber Shops & Beauty Salons","Consumer Services","Barber Shops & Beauty Salons","consumerservices","consumerservices.hairsalon","","https://app.zoominfo.com/#/apps/profile/company/1281450684","","","","Private","B2C","No","","0","0","","","","","458 Rahway Ave","Woodbridge","New Jersey","07095","United States","458 Rahway Ave, Woodbridge, New Jersey, 07095, United States","1","","","","","","","instantexportexcel1714527043682"
"1314151747","Bloomfield Solar Power Systems","www.bloomfieldsolarpowersystems.com","","","","","4544","$1 mil. - $5 mil.","22","Employees.20to49","4911","491","49;491;4911","221114","22111","22;221;2211;22111;221114","Energy, Utilities & Waste","Electricity, Oil & Gas","Energy, Utilities & Waste","Electricity, Oil & Gas","energy","energy.energy","14821360","https://app.zoominfo.com/#/apps/profile/company/1314151747","","","","Private","","No","","0","0","","","","","554 Bloomfield Ave","Bloomfield","New Jersey","07003","United States","554 Bloomfield Ave, Bloomfield, New Jersey, 07003, United States","1","","","","","","","instantexportexcel1714527043682"
"1314150249","Toms River Solar Power Solutions","www.tomsriversolarpowersolutions.com","","","","","2550","$1 mil. - $5 mil.","13","Employees.10to19","4911","491","49;491;4911","221114","22111","22;221;2211;22111;221114","Energy, Utilities & Waste","Electricity, Oil & Gas","Energy, Utilities & Waste","Electricity, Oil & Gas","energy","energy.energy","","https://app.zoominfo.com/#/apps/profile/company/1314150249","","","","Private","","No","","0","0","","","","","9 Flint Rd","Toms River","New Jersey","08757","United States","9 Flint Rd, Toms River, New Jersey, 08757, United States","1","","","","","","","instantexportexcel1714527043682"
"345645056","Solar","www.ordersolardominho.com","1974","(973) 844-0500","","","594","$500,000 - $1 mil.","8","Employees.5to9","5812","581","58;581;5812","722511","72251","72;722;7225;72251;722511","Hospitality","Restaurants","Hospitality","Restaurants","hospitality","hospitality.restaurant","","https://app.zoominfo.com/#/apps/profile/company/345645056","","http://www.facebook.com/solardominhonj","","Private","B2B","No","","0","0","","","","","15 Cleveland St","Belleville","New Jersey","07109","United States","15 Cleveland St, Belleville, New Jersey, 07109, United States","2","","","","","","","instantexportexcel1714527043682"
"536790517","Solar","www.njsolarsolution.com","","(201) 592-5945","","","1297","$1 mil. - $5 mil.","7","Employees.5to9","1629","162","16;162;1629","237130","23713","23;237;2371;23713;237130","Construction","Civil Engineering Construction","Construction","Civil Engineering Construction","construction","construction.civil","","https://app.zoominfo.com/#/apps/profile/company/536790517","","http://www.facebook.com/sunpower-solar-1285966448136363","","Private","","Yes","August 21, 2019","0","0","","","","","411 Hackensack Ave Ste 200","Hackensack","New Jersey","07601","United States","411 Hackensack Ave Ste 200, Hackensack, New Jersey, 07601, United States","1","","","","","","","instantexportexcel1714527043682"
"1134194775","Solar Fashion","","","(732) 276-7410","","","789","$500,000 - $1 mil.","2","Employees.1to4","5621","562","56;562;5621","448120","424350","42;424;4243;42435;424350;44;448;4481;44812;448120","Retail","Apparel & Accessories Retail","Retail","Apparel & Accessories Retail","retail","retail.clothes","","https://app.zoominfo.com/#/apps/profile/company/1134194775","","","","Private","B2C","No","","0","0","","","","","141 Ocean Ave","Lakewood","New Jersey","08701","United States","141 Ocean Ave, Lakewood, New Jersey, 08701, United States","1","","","","","","","instantexportexcel1714527043682"
"348710542","reNRG Partners","www.renrg.com","","","","","2024","$1 mil. - $5 mil.","9","Employees.5to9","49","","49","221","22","22;221","","","","","","","","https://app.zoominfo.com/#/apps/profile/company/348710542","http://www.linkedin.com/company/renrgpartners","","","Private","B2B","Yes","May 23, 2023","0","0","","","","","852 Franklin Ave Pmb 212","Franklin Lakes","New Jersey","07417","United States","852 Franklin Ave Pmb 212, Franklin Lakes, New Jersey, 07417, United States","1","","","","","","","instantexportexcel1714527043682"
"1314115683","Alerce Solar","www.alercesolar.com","","(201) 584-6833","","","3696","$1 mil. - $5 mil.","16","Employees.10to19","1629","162","16;162;1629","237130","23713","23;237;2371;23713;237130","Construction","Civil Engineering Construction","Construction","Civil Engineering Construction","construction","construction.civil","16604547","https://app.zoominfo.com/#/apps/profile/company/1314115683","","http://www.facebook.com/getsolarplanet","","Private","B2B","No","","0","0","","","","","78 John Miller Way","Kearny","New Jersey","07032","United States","78 John Miller Way, Kearny, New Jersey, 07032, United States","1","","","","","","","instantexportexcel1714527043682"
"551631993","Solar Suitcase","www.solarsuitcasellc.com","","(888) 667-1178","","","784","$500,000 - $1 mil.","6","Employees.5to9","4931","493","49;493;4931","221118","22111","22;221;2211;22111;221118","Energy, Utilities & Waste","Electricity, Oil & Gas","Energy, Utilities & Waste","Electricity, Oil & Gas","energy","energy.energy","","https://app.zoominfo.com/#/apps/profile/company/551631993","","","","Private","","No","","0","0","","","","","51 Bridge St","Lambertville","New Jersey","08530","United States","51 Bridge St, Lambertville, New Jersey, 08530, United States","1","","","","","","","instantexportexcel1714527043682"
"1160225442","American Home Contractors","www.njahc.com","","(908) 771-0123","","","1463","$1 mil. - $5 mil.","13","Employees.10to19","1761","176","17;176;1761","238170","23817","23;238;2381;23817;238170","Construction","Commercial & Residential Construction","Construction","Commercial & Residential Construction","construction","construction.construction","10166081","https://app.zoominfo.com/#/apps/profile/company/1160225442","","http://www.facebook.com/american-home-contractors-156375981051568","","Private","","No","","0","0","","","","","124 Crescent Rd","Florham Park","New Jersey","07932","United States","124 Crescent Rd, Florham Park, New Jersey, 07932, United States","1","","","","","","","instantexportexcel1714527043682"
"358660709","SunDial Solar Innovations","www.sundialnj.com","","(855) 475-7669","","","776","$500,000 - $1 mil.","5","Employees.5to9","1629","162","16;162;1629","237130","23713","23;237;2371;23713;237130","Construction","Civil Engineering Construction","Construction;Business Services","Civil Engineering Construction;Management Consulting","construction","construction.civil","","https://app.zoominfo.com/#/apps/profile/company/358660709","","http://www.facebook.com/sundialsolarnj","","Private","","Yes","August 17, 2020","0","0","","","","","792 Main Rd","Towaco","New Jersey","07082","United States","792 Main Rd, Towaco, New Jersey, 07082, United States","1","","","","","","","instantexportexcel1714527043682"
"358432831","Aakriti Solar Pvt","www.aakritisolar.com","1987","(201) 944-2928","","","1596","$1 mil. - $5 mil.","8","Employees.5to9","5943","5112","59;594;5943;51;511;5112;29;21;26","459410","453210","45;459;4594;45941;459410;453;4532;45321;453210","Retail","Office Products Retail & Distribution","Retail","Office Products Retail & Distribution","retail","retail.office","21657465","https://app.zoominfo.com/#/apps/profile/company/358432831","http://www.linkedin.com/company/aakriti-solar-pvt-ltd-","http://www.facebook.com/aakritisolarpvtltd","http://www.twitter.com/aakritisolar","Private","B2B","No","","0","0","","","","","100 Old Palisade Rd","Fort Lee","New Jersey","07024","United States","100 Old Palisade Rd, Fort Lee, New Jersey, 07024, United States","2","","","","","","","instantexportexcel1714527043682"
"551339981","Sussex Solar Gardens","www.sussexsg.com","","(973) 875-8954","","","2004","$1 mil. - $5 mil.","8","Employees.5to9","4911","491","49;491;4911","221114","22111","22;221;2211;22111;221114","Energy, Utilities & Waste","Electricity, Oil & Gas","Energy, Utilities & Waste","Electricity, Oil & Gas","energy","energy.energy","","https://app.zoominfo.com/#/apps/profile/company/551339981","","http://www.facebook.com/sussex-solar-gardens-llc-113734919991345","","Private","","No","","0","0","","","","","19 Fox Hill Rd","Lafayette","New Jersey","07848","United States","19 Fox Hill Rd, Lafayette, New Jersey, 07848, United States","1","","","","","","","instantexportexcel1714527043682"
"1295183819","Newark Solar Solutions","www.newarksolar.com","","(201) 645-1176","","","2010","$1 mil. - $5 mil.","10","Employees.10to19","1629","162","16;162;1629","237130","23713","23;237;2371;23713;237130","Construction","Civil Engineering Construction","Construction","Civil Engineering Construction","construction","construction.civil","","https://app.zoominfo.com/#/apps/profile/company/1295183819","","","","Private","","No","","0","0","","","","","21 Fulton St 2","Newark","New Jersey","","United States","21 Fulton St 2, Newark, New Jersey, United States","1","","","","","","","instantexportexcel1714527043682"
"347302834","Be Solar Energy","www.besolarenergy.com","2009","(201) 933-7200","","","1471","$1 mil. - $5 mil.","5","Employees.5to9","3433","343","34;343;3433","333414","33341","33;333;3334;33341;333414","Energy, Utilities & Waste","","Energy, Utilities & Waste;Manufacturing","Building Materials","energy","","","https://app.zoominfo.com/#/apps/profile/company/347302834","http://www.linkedin.com/company/be-solar-energy","","http://www.twitter.com/khanmgcm45","Private","","No","","0","0","","","","","263 Veterans Blvd","Carlstadt","New Jersey","07072","United States","263 Veterans Blvd, Carlstadt, New Jersey, 07072, United States","1","","","","","","","instantexportexcel1714527043682"
"464352463","Spectacular Solar","www.spectacularsolar.com","2014","(844) 782-7737","","","1617","$1 mil. - $5 mil.","10","Employees.10to19","1629","162","16;162;1629","237130","23713","23;237;2371;23713;237130","Construction","","Construction","Civil Engineering Construction","construction","","17243710","https://app.zoominfo.com/#/apps/profile/company/464352463","http://www.linkedin.com/company/spectacular-solar","http://www.facebook.com/spectacularsolar","","Private","","Yes","May 24, 2022","0","0","","","","","1401 Witherspoon St Ste 600","Rahway","New Jersey","07065","United States","1401 Witherspoon St Ste 600, Rahway, New Jersey, 07065, United States","2","","","","","","","instantexportexcel1714527043682"
"149831870","Solar VPS","www.solarvps.com","2005","(973) 826-0455","","","3059","$1 mil. - $5 mil.","13","Employees.10to19","1629","162","16;162;1629","237130","23713","23;237;2371;23713;237130","Telecommunications","Internet Service Providers, Website Hosting & Internet-related Services","Telecommunications;Construction","Internet Service Providers, Website Hosting & Internet-related Services;Civil Engineering Construction","telecom","telecom.internet","","https://app.zoominfo.com/#/apps/profile/company/149831870","http://www.linkedin.com/company/solar-vps-llc","http://www.facebook.com/solarvps","http://www.twitter.com/solarvps","Private","","No","","0","0","","","","","1 Orient Way Ste F325","Rutherford","New Jersey","07070","United States","1 Orient Way Ste F325, Rutherford, New Jersey, 07070, United States","3","","","","","","","instantexportexcel1714527043682"
"410461970","Bahamian Solar Management Group","www.bahamiansolar.net","2015","(888) 971-0070","","","1143","$1 mil. - $5 mil.","6","Employees.5to9","1629","162","16;162;1629","237130","23713","23;237;2371;23713;237130","Construction","","Construction","Civil Engineering Construction","construction","","14019375","https://app.zoominfo.com/#/apps/profile/company/410461970","http://www.linkedin.com/company/bahamian-solar-management-group","http://www.facebook.com/bahamian-solar-management-group-llc-1360222950693052","http://www.twitter.com/bahamian_solar","Private","B2C","Yes","October 21, 2021","0","0","","","","","923 Haddonfield Rd Ste 329","Cherry Hill","New Jersey","08002","United States","923 Haddonfield Rd Ste 329, Cherry Hill, New Jersey, 08002, United States","1","","","","","","","instantexportexcel1714527043682"
"542759224","TempStars","www.bankingpressreleases.com","2015","","","","2806","$1 mil. - $5 mil.","12","Employees.10to19","8732","873","87;873;8732","541910","54191","54;541;5419;54191;541910","Business Services","Advertising & Marketing","Business Services","Advertising & Marketing","bizservice","bizservice.marketing","","https://app.zoominfo.com/#/apps/profile/company/542759224","http://www.linkedin.com/company/einpresswire","http://www.facebook.com/einpresswire","http://www.twitter.com/einpresswire","Private","B2B","No","","0","0","","","","","533 Memorial Pkwy","Phillipsburg","New Jersey","08865","United States","533 Memorial Pkwy, Phillipsburg, New Jersey, 08865, United States","1","","","","","","","instantexportexcel1714527043682"
"1267205604","Imperium Solar","www.imperiumlc.com","","(856) 267-3685","","","1271","$1 mil. - $5 mil.","10","Employees.10to19","1629","162","16;162;1629","237130","23713","23;237;2371;23713;237130","Construction","Civil Engineering Construction","Construction","Civil Engineering Construction","construction","construction.civil","","https://app.zoominfo.com/#/apps/profile/company/1267205604","","http://www.facebook.com/imperiumsolars","","Private","B2B","Yes","July 24, 2023","0","0","","","","","525 Solar","Marlton","New Jersey","08053","United States","525 Solar, Marlton, New Jersey, 08053, United States","1","","","","","","","instantexportexcel1714527043682"
"355058998","Sun Pacific Holding","www.sunpacificholding.com","2005","(732) 845-0906","","OTC: SNPW","59","Under $500,000","2","Employees.1to4","1629","162","16;162;1629","237130","23713","23;237;2371;23713;237130","Construction","Commercial & Residential Construction","Construction","Commercial & Residential Construction","construction","construction.construction","9404553","https://app.zoominfo.com/#/apps/profile/company/355058998","http://www.linkedin.com/company/sun-pacific-holding-corp","","http://www.twitter.com/sunpacificpower","Public","B2C","Yes","June 01, 2022","0","0","","","","","345 Us Hwy 9 Ste 388","Manalapan","New Jersey","07726","United States","345 Us Hwy 9 Ste 388, Manalapan, New Jersey, 07726, United States","4","","","","","","","instantexportexcel1714527043682"
"1182285022","iQSkyLights.com","www.iqskylights.com","1935","(888) 988-9220","(732) 722-7715","","1934","$1 mil. - $5 mil.","11","Employees.10to19","3211","321","32;321;3211","327211","32721","32;327;3272;32721;327211","Manufacturing","Glass & Clay","Manufacturing","Glass & Clay","mfg","mfg.glass","4951006","https://app.zoominfo.com/#/apps/profile/company/1182285022","","http://www.facebook.com/iqdesignproducts","http://www.twitter.com/iqdesignproduct","Private","B2B","No","","0","0","","","","","2600 Hwy 35","Manasquan","New Jersey","08736","United States","2600 Hwy 35, Manasquan, New Jersey, 08736, United States","1","","","","","","","instantexportexcel1714527043682"
"463021669","Solar Energy","www.geniesolarenergy.com","2015","(844) 473-7657","","","1807","$1 mil. - $5 mil.","6","Employees.5to9","4911","491","49;491;4911","221114","22111","22;221;2211;22111;221114","Energy, Utilities & Waste","Electricity, Oil & Gas","Energy, Utilities & Waste","Electricity, Oil & Gas","energy","energy.energy","","https://app.zoominfo.com/#/apps/profile/company/463021669","http://www.linkedin.com/company/genie-solar-energy","http://www.facebook.com/geniesolarenergy","","Private","B2B","Yes","March 12, 2023","0","0","","","","","520 Broad St","Newark","New Jersey","07102","United States","520 Broad St, Newark, New Jersey, 07102, United States","1","","346898898","Genie Energy Ltd","346898898","Genie Energy Ltd","Subsidiary","instantexportexcel1714527043682"
"253330310","Solar Eclipse","www.solareclipsewindowfashions.com","1985","(973) 764-8222","","","864","$500,000 - $1 mil.","5","Employees.5to9","5714","571","57;571;5714","449122","442291","44;449;4491;44912;449122;442;4422;44229;442291","Retail","","Retail","Home Improvement & Hardware Retail","retail","","","https://app.zoominfo.com/#/apps/profile/company/253330310","http://www.linkedin.com/company/solar-eclipse","","","Private","B2C","No","","0","0","","","","","23 Omega Dr","Vernon","New Jersey","07462","United States","23 Omega Dr, Vernon, New Jersey, 07462, United States","1","","","","","","","instantexportexcel1714527043682"
"450056367","United Solar","www.unitedsolarco.com","2008","(877) 313-6077","","","3545","$1 mil. - $5 mil.","8","Employees.5to9","1629","162","16;162;1629","237130","23713","23;237;2371;23713;237130","Construction","Civil Engineering Construction","Construction","Civil Engineering Construction","construction","construction.civil","","https://app.zoominfo.com/#/apps/profile/company/450056367","http://www.linkedin.com/company/solar-home-co","http://www.facebook.com/unitedsolarco","http://www.twitter.com/unitedsolarco","Private","B2C","Yes","March 17, 2021","0","0","","","","","1275 Bloomfield Ave Ste 36 Bldg 6","Fairfield","New Jersey","07004","United States","1275 Bloomfield Ave Ste 36 Bldg 6, Fairfield, New Jersey, 07004, United States","1","","","","","","","instantexportexcel1714527043682"
"347644644","Solar Mite Solutions","www.solarmitesolutions.com","2009","(732) 796-1996","","","1491","$1 mil. - $5 mil.","9","Employees.5to9","1629","162","16;162;1629","237130","23713","23;237;2371;23713;237130","Construction","Civil Engineering Construction","Construction;Energy, Utilities & Waste","Civil Engineering Construction;Electricity, Oil & Gas","construction","construction.civil","","https://app.zoominfo.com/#/apps/profile/company/347644644","http://www.linkedin.com/company/solar-mite-solutions","http://www.facebook.com/solarmite","http://www.twitter.com/solarmite","Private","B2B","Yes","January 13, 2023","0","0","","","","","1525 Corlies Ave Unit B","Neptune","New Jersey","07753","United States","1525 Corlies Ave Unit B, Neptune, New Jersey, 07753, United States","1","","","","","","","instantexportexcel1714527043682"
"435771954","Sunfoundry","www.sunfoundry.com","2016","(732) 567-6947","","","1211","$1 mil. - $5 mil.","6","Employees.5to9","4911","491","49;491;4911","221114","22111","22;221;2211;22111;221114","Energy, Utilities & Waste","Electricity, Oil & Gas","Energy, Utilities & Waste","Electricity, Oil & Gas","energy","energy.energy","","https://app.zoominfo.com/#/apps/profile/company/435771954","","http://www.facebook.com/sunfoundry","","Private","B2C","No","","0","0","","","","","93 Tower Hill Dr","Red Bank","New Jersey","07701","United States","93 Tower Hill Dr, Red Bank, New Jersey, 07701, United States","1","","","","","","","instantexportexcel1714527043682"
"556583601","Suntuity Solar","www.suntuitysourcing.com","","(855) 786-8848","","","2384","$1 mil. - $5 mil.","12","Employees.10to19","1629","162","16;162;1629","237130","23713","51;518;5182;45;458;455;44;449;459;23;237;2371;23713;237130","Retail","","Retail;Business Services;Construction","Food Service;Civil Engineering Construction","retail","","","https://app.zoominfo.com/#/apps/profile/company/556583601","http://www.linkedin.com/company/suntuity-sourcing","http://www.facebook.com/suntuity","http://www.twitter.com/suntuity","Private","B2C","No","","0","0","","","","","02137","Holmdel","New Jersey","07733","United States","02137, Holmdel, New Jersey, 07733, United States","","","","","","","","instantexportexcel1714527043682"
"369941517","Luminous Solar","www.luminoussolar.com","2008","(856) 777-8985","","","4763","$1 mil. - $5 mil.","11","Employees.10to19","1629","162","16;162;1629","237130","23713","23;237;2371;23713;237130","Construction","Civil Engineering Construction","Construction","Civil Engineering Construction","construction","construction.civil","14743404","https://app.zoominfo.com/#/apps/profile/company/369941517","http://www.linkedin.com/company/luminous-solar-llc","http://www.facebook.com/luminous-solar-northern-nj-821800131189880","","Private","B2B","Yes","February 16, 2022","0","0","","","","","3747 Church Rd Ste 107","Mount Laurel","New Jersey","08054","United States","3747 Church Rd Ste 107, Mount Laurel, New Jersey, 08054, United States","1","","","","","","","instantexportexcel1714527043682"
"59479658","KG Companies","www.kgcompanies.com","1988","(973) 940-1123","","","2435","$1 mil. - $5 mil.","5","Employees.5to9","1711","171","17;171;1711","238220","23822","23;238;2382;23822;238220","Construction","Commercial & Residential Construction","Construction","Commercial & Residential Construction","construction","construction.construction","","https://app.zoominfo.com/#/apps/profile/company/59479658","http://www.linkedin.com/company/kg-solar-&-renewable-energy","http://www.facebook.com/kg-companies-335423617062983","","Private","B2B","Yes","November 15, 2019","0","0","","","","","133 Demarest Rd Ste A","Sparta","New Jersey","07871","United States","133 Demarest Rd Ste A, Sparta, New Jersey, 07871, United States","3","","","","","","","instantexportexcel1714527043682"
"551631559","Solar Sheep","www.solarsheepllc.com","","(856) 506-4012","","","636","$500,000 - $1 mil.","6","Employees.5to9","214","214","21;214;02;021;0214","112410","11241","11;112;1124;11241;112410","Agriculture","Animals & Livestock","Agriculture","Animals & Livestock","agriculture","agriculture.animals","","https://app.zoominfo.com/#/apps/profile/company/551631559","","","","Private","B2C","No","","0","0","","","","","1086 Harding Hwy","Newfield","New Jersey","08344","United States","1086 Harding Hwy, Newfield, New Jersey, 08344, United States","1","","","","","","","instantexportexcel1714527043682"
"4595872","Alliance Solar","www.alliancesolar.com","2020","(609) 604-6061","","","3525","$1 mil. - $5 mil.","15","Employees.10to19","1629","162","16;162;1629","237130","23713","23;237;2371;23713;237130","Construction","Civil Engineering Construction","Construction","Civil Engineering Construction","construction","construction.civil","3762337","https://app.zoominfo.com/#/apps/profile/company/4595872","http://www.linkedin.com/company/alliance-solar-usa","http://www.facebook.com/alliancesolarpower","http://www.twitter.com/alliancesolar1","Private","B2B","Yes","January 05, 2022","0","0","","","","","9 Lilyberry Pl","Riverside","New Jersey","08075","United States","9 Lilyberry Pl, Riverside, New Jersey, 08075, United States","2","","","","","","","instantexportexcel1714527043682"
"368847605","Advanced Solar Control","www.wedotint.com","","(732) 831-0800","","","1566","$1 mil. - $5 mil.","7","Employees.5to9","1799","179","17;179;1799","238150","23815","23;238;2381;23815;238150","Construction","Commercial & Residential Construction","Construction","Commercial & Residential Construction","construction","construction.construction","","https://app.zoominfo.com/#/apps/profile/company/368847605","http://www.linkedin.com/company/advanced-solar-control","http://www.facebook.com/advancedsolarcontrol","","Private","B2B","No","","0","0","","","","","60 Northampton Blvd Unit 6","Toms River","New Jersey","08755","United States","60 Northampton Blvd Unit 6, Toms River, New Jersey, 08755, United States","2","","","","","","","instantexportexcel1714527043682"
"551896621","Solar Ready Roofs","www.solarreadyroofs.com","","(973) 895-7330","","","1304","$1 mil. - $5 mil.","6","Employees.5to9","1761","176","17;176;1761;15;16","238160","23816","23;238;2381;23816;238160","Construction","Commercial & Residential Construction","Construction","Commercial & Residential Construction","construction","construction.construction","","https://app.zoominfo.com/#/apps/profile/company/551896621","","","","Private","","No","","0","0","","","","","PO Box 219","Ironia","New Jersey","07845","United States","PO Box 219, Ironia, New Jersey, 07845, United States","","","","","","","","instantexportexcel1714527043682"
"483319733","Cep Renewables","www.ceprenewables.com","2020","(732) 284-4640","","","4417","$1 mil. - $5 mil.","10","Employees.10to19","4931","493","49;493;4931","221114","22111","22;221;2211;22111;221114","Energy, Utilities & Waste","Electricity, Oil & Gas","Energy, Utilities & Waste","Electricity, Oil & Gas","energy","energy.energy","20194353","https://app.zoominfo.com/#/apps/profile/company/483319733","http://www.linkedin.com/company/cep-renewables","","","Private","B2B","Yes","June 21, 2022","0","0","","","","","331 Newman Springs Rd","Red Bank","New Jersey","07701","United States","331 Newman Springs Rd, Red Bank, New Jersey, 07701, United States","1","","","","","","","instantexportexcel1714527043682"
"566158767","Brilliant Solar Inc.","www.mybrilliantsolar.com","","(800) 805-1889","","","2530","$1 mil. - $5 mil.","17","Employees.10to19","1629","162","16;162;1629","237130","23713","23;237;2371;23713;237130","Construction","Commercial & Residential Construction","Construction","Commercial & Residential Construction","construction","construction.construction","13582487","https://app.zoominfo.com/#/apps/profile/company/566158767","","http://www.facebook.com/my-brilliant-solar-109593183921004","","Private","B2B","Yes","November 21, 2023","0","0","","","","","1433 Hooper Ave","Toms River","New Jersey","08753","United States","1433 Hooper Ave, Toms River, New Jersey, 08753, United States","1","","","","","","","instantexportexcel1714527043682"
"3019098","A&J Vacuum Services","www.ajvs.com","2000","(973) 249-0854","(973) 249-0855","","3043","$1 mil. - $5 mil.","14","Employees.10to19","7629","762","76;762;7629","811219","811210","81;811;8112;81121;811210;811219","Consumer Services","Repair Services","Consumer Services","Repair Services","consumerservices","consumerservices.repair","3137393","https://app.zoominfo.com/#/apps/profile/company/3019098","http://www.linkedin.com/company/a-&-j-vacuum-services-inc","http://www.facebook.com/ajvsvacuum","http://www.twitter.com/ajvsvacuum","Private","B2B","Yes","May 19, 2022","0","0","","","","","16 Somerset Pl","Clifton","New Jersey","07012","United States","16 Somerset Pl, Clifton, New Jersey, 07012, United States","4","","","","","","","instantexportexcel1714527043682"
"536242872","Solar Xchange","www.mysolarxchange.com","","(818) 702-1899","","","3284","$1 mil. - $5 mil.","59","Employees.50to99","1629","162","16;162;1629","237130","23713","23;237;2371;23713;237130","Construction","Civil Engineering Construction","Construction","Civil Engineering Construction","construction","construction.civil","14039598","https://app.zoominfo.com/#/apps/profile/company/536242872","http://www.linkedin.com/company/solar-xchange-llc","http://www.facebook.com/mysolarxchange","","Private","B2B","No","","0","0","","","","","111 Woodcrest Rd","Cherry Hill","New Jersey","08003","United States","111 Woodcrest Rd, Cherry Hill, New Jersey, 08003, United States","1","","","","","","","instantexportexcel1714527043682"
"410459653","Pure Power","www.defaziogroup.com","","(973) 292-5100","","","1557","$1 mil. - $5 mil.","3","Employees.1to4","4911","491","49;491;4911","221114","22111","22;221;2211;22111;221114","Energy, Utilities & Waste","Electricity, Oil & Gas","Energy, Utilities & Waste","Electricity, Oil & Gas","energy","energy.energy","","https://app.zoominfo.com/#/apps/profile/company/410459653","","","","Private","","Yes","August 21, 2019","0","0","","","","","18 Bank St Ste 201","Morristown","New Jersey","07960","United States","18 Bank St Ste 201, Morristown, New Jersey, 07960, United States","1","","","","","","","instantexportexcel1714527043682"
"347977193","SureWave Solar","www.surewavesolar.com","","(732) 614-0001","","","1328","$1 mil. - $5 mil.","7","Employees.5to9","1629","162","16;162;1629","237130","23713","23;237;2371;23713;237130","Construction","Civil Engineering Construction","Construction","Civil Engineering Construction","construction","construction.civil","","https://app.zoominfo.com/#/apps/profile/company/347977193","","","","Private","","Yes","April 10, 2020","0","0","","","","","293 Friendship Rd","Cranbury","New Jersey","08512","United States","293 Friendship Rd, Cranbury, New Jersey, 08512, United States","2","","","","","","","instantexportexcel1714527043682"
"347893179","SDL Solar","www.sdlsolar.com","2006","(201) 679-7997","+30 210 6654425","","1656","$1 mil. - $5 mil.","7","Employees.5to9","4931","493","49;493;4931","221114","22111","22;221;2211;22111;221114","Energy, Utilities & Waste","Electricity, Oil & Gas","Energy, Utilities & Waste","Electricity, Oil & Gas","energy","energy.energy","15967825","https://app.zoominfo.com/#/apps/profile/company/347893179","http://www.linkedin.com/company/sdl-solar","","http://www.twitter.com/sdlsolar","Private","","No","","0","0","","","","","391 Scholar Ct","Franklin Lakes","New Jersey","07417","United States","391 Scholar Ct, Franklin Lakes, New Jersey, 07417, United States","2","","","","","","","instantexportexcel1714527043682"
"356803287","Vanguard Solutions","www.vanguard-solutions.net","2000","(201) 368-0099","(201) 368-0097","","1231","$1 mil. - $5 mil.","6","Employees.5to9","5065","506","50;506;5065;56;52;53;54","423690","42369","42;423;4236;42369;423690","Retail","Consumer Electronics & Computers Retail","Retail","Consumer Electronics & Computers Retail","retail","retail.computer","","https://app.zoominfo.com/#/apps/profile/company/356803287","http://www.linkedin.com/company/vanguard-solutions-inc","","","Private","B2C","No","","0","0","","","","","202 Market St","Saddle Brook","New Jersey","07663","United States","202 Market St, Saddle Brook, New Jersey, 07663, United States","2","","","","","","","instantexportexcel1714527043682"
"482918682","New Jersey Sun Tech","www.newjerseysuntech.com","2020","(908) 333-0581","","","4018","$1 mil. - $5 mil.","12","Employees.10to19","4931","493","49;493;4931","237130","221114","22;221;2211;22111;221114;23;237;2371;23713;237130","Energy, Utilities & Waste","Electricity, Oil & Gas","Energy, Utilities & Waste","Electricity, Oil & Gas","energy","energy.energy","","https://app.zoominfo.com/#/apps/profile/company/482918682","","http://www.facebook.com/njsuntech","http://www.twitter.com/njsuntech","Private","B2B","Yes","October 08, 2020","0","0","","","","","187 Main St","Woodbridge","New Jersey","07095","United States","187 Main St, Woodbridge, New Jersey, 07095, United States","1","","","","","","","instantexportexcel1714527043682"
"549429276","LymLite Solar","www.lymlitesolar.com","","(973) 250-6086","","","2617","$1 mil. - $5 mil.","19","Employees.10to19","1629","162","16;162;1629","237130","23713","23;237;2371;23713;237130","Construction","Civil Engineering Construction","Construction","Civil Engineering Construction","construction","construction.civil","","https://app.zoominfo.com/#/apps/profile/company/549429276","","","","Private","","No","","0","0","","","","","","Clifton","New Jersey","07014","United States","Clifton, New Jersey, 07014, United States","","","","","","","","instantexportexcel1714527043682"
"435453307","CRG Development & Construction","www.crgdevco.com","2000","(973) 870-0003","","","2066","$1 mil. - $5 mil.","6","Employees.5to9","8741","874","87;874;8741","561110","56111","56;561;5611;56111;561110","Business Services","HR & Staffing","Business Services","HR & Staffing","bizservice","bizservice.hr","","https://app.zoominfo.com/#/apps/profile/company/435453307","http://www.linkedin.com/company/crg-development-&-construction","http://www.facebook.com/crgdevco","","Private","B2B","Yes","August 13, 2019","0","0","","","","","5 Sicomac Rd","Haledon","New Jersey","07508","United States","5 Sicomac Rd, Haledon, New Jersey, 07508, United States","1","","","","","","","instantexportexcel1714527043682"
"1312319660","Paira","www.paira.co","","(609) 755-5609","","","2693","$1 mil. - $5 mil.","15","Employees.10to19","5813","581","58;581;5813","722410","72241","72;722;7224;72241;722410","Hospitality","Restaurants","Hospitality","Restaurants","hospitality","hospitality.restaurant","","https://app.zoominfo.com/#/apps/profile/company/1312319660","","","","Private","B2C","No","","0","0","","","","","7703 Park Ave","Pennsauken","New Jersey","08109","United States","7703 Park Ave, Pennsauken, New Jersey, 08109, United States","1","","","","","","","instantexportexcel1714527043682"
"1332845427","Sun Energy Solar","www.sunenergysolar.net","","","","","2873","$1 mil. - $5 mil.","12","Employees.10to19","4911","491","49;491;4911","221118","22111","22;221;2211;22111;221118","Energy, Utilities & Waste","Electricity, Oil & Gas","Energy, Utilities & Waste","Electricity, Oil & Gas","energy","energy.energy","","https://app.zoominfo.com/#/apps/profile/company/1332845427","","","","Private","","No","","0","0","","","","","300 Gorge Rd Unit 18","Cliffside Park","New Jersey","07010","United States","300 Gorge Rd Unit 18, Cliffside Park, New Jersey, 07010, United States","1","","","","","","","instantexportexcel1714527043682"
"1303111864","Ebony Construction Recycling and Solar","ebony1solar.wixsite.com","2016","(856) 676-9763","","","2244","$1 mil. - $5 mil.","10","Employees.10to19","4953","495","49;495;4953","562920","56292","56;562;5629;56292;562920","Energy, Utilities & Waste","Waste Treatment, Environmental Services & Recycling","Energy, Utilities & Waste","Waste Treatment, Environmental Services & Recycling","energy","energy.environment","","https://app.zoominfo.com/#/apps/profile/company/1303111864","","","","Private","","No","","0","0","","","","","127 Eastmont Ln","Sicklerville","New Jersey","08081","United States","127 Eastmont Ln, Sicklerville, New Jersey, 08081, United States","1","","","","","","","instantexportexcel1714527043682"
"1238277694","Solar Shield","","","(732) 251-3080","","","287","Under $500,000","5","Employees.5to9","5074","507","50;507;5074","423720","42372","42;423;4237;42372;423720","Retail","Home Improvement & Hardware Retail","Retail","Home Improvement & Hardware Retail","retail","retail.hardware","","https://app.zoominfo.com/#/apps/profile/company/1238277694","","","","Private","B2C","No","","0","0","","","","","155 Powell Place Rd","Tabernacle","New Jersey","08088","United States","155 Powell Place Rd, Tabernacle, New Jersey, 08088, United States","1","","","","","","","instantexportexcel1714527043682"
"1223142329","SPG Solar Store","","","(856) 318-1272","","","400","Under $500,000","5","Employees.5to9","1629","162","16;162;1629","453998","237130","23;237;2371;23713;237130;45;453;4539;45399;453998","Construction","Civil Engineering Construction","Construction","Civil Engineering Construction","construction","construction.civil","","https://app.zoominfo.com/#/apps/profile/company/1223142329","http://www.linkedin.com/company/spg-solar-store","","","Private","","No","","0","0","","","","","701 N Black Horse Pike","Williamstown","New Jersey","08094","United States","701 N Black Horse Pike, Williamstown, New Jersey, 08094, United States","1","","","","","","","instantexportexcel1714527043682"
"476093950","Magtech Electric","www.magtechelectric.com","2010","(201) 906-1555","","","1161","$1 mil. - $5 mil.","6","Employees.5to9","1731","173","17;173;1731","238210","23821","23;238;2382;23821;238210","Construction","Commercial & Residential Construction","Construction","Commercial & Residential Construction","construction","construction.construction","","https://app.zoominfo.com/#/apps/profile/company/476093950","","http://www.facebook.com/magtechelectricinc.net","","Private","B2B","No","","0","0","","","","","241 W Madison Ave","Dumont","New Jersey","07628","United States","241 W Madison Ave, Dumont, New Jersey, 07628, United States","3","","","","","","","instantexportexcel1714527043682"
"1100328371","Green Light Solar Solutions","","","(856) 375-8164","","","810","$500,000 - $1 mil.","6","Employees.5to9","1629","162","16;162;1629","237130","23713","23;237;2371;23713;237130","Construction","Civil Engineering Construction","Construction","Civil Engineering Construction","construction","construction.civil","","https://app.zoominfo.com/#/apps/profile/company/1100328371","","http://www.facebook.com/green-light-solar-solutions-153918754650983","","Private","","No","","0","0","","","","","230 Kings Hwy E","Haddonfield","New Jersey","08033","United States","230 Kings Hwy E, Haddonfield, New Jersey, 08033, United States","1","","","","","","","instantexportexcel1714527043682"
"346426968","NJ Solar Works","www.njsolarworks.com","","(732) 930-0596","","","1607","$1 mil. - $5 mil.","7","Employees.5to9","1629","162","16;162;1629","237130","23713","23;237;2371;23713;237130","Construction","Civil Engineering Construction","Construction","Civil Engineering Construction","construction","construction.civil","","https://app.zoominfo.com/#/apps/profile/company/346426968","","","","Private","","No","","0","0","","","","","340 Shrewsbury Ave","Red Bank","New Jersey","07701","United States","340 Shrewsbury Ave, Red Bank, New Jersey, 07701, United States","1","","","","","","","instantexportexcel1714527043682"
"1311113532","GenSun Solar","www.gensunsolar.com","2022","","","","3605","$1 mil. - $5 mil.","16","Employees.10to19","1629","162","16;162;1629","237130","23713","23;237;2371;23713;237130","Construction","Civil Engineering Construction","Construction","Civil Engineering Construction","construction","construction.civil","20120489","https://app.zoominfo.com/#/apps/profile/company/1311113532","","http://www.facebook.com/gensunsolar1","","Private","","No","","0","0","","","","","900 Sherman Ave","Pennsauken","New Jersey","08110","United States","900 Sherman Ave, Pennsauken, New Jersey, 08110, United States","1","","","","","","","instantexportexcel1714527043682"
"551781420","Sunflower solar","www.sunflowersolarnj.com","","(800) 736-2800","","","1158","$1 mil. - $5 mil.","6","Employees.5to9","4911","491","49;491;4911","221118","22111","22;221;2211;22111;221118","Energy, Utilities & Waste","Electricity, Oil & Gas","Energy, Utilities & Waste","Electricity, Oil & Gas","energy","energy.energy","","https://app.zoominfo.com/#/apps/profile/company/551781420","","","","Private","","No","","0","0","","","","","741 Lehigh Ave","Union","New Jersey","07083","United States","741 Lehigh Ave, Union, New Jersey, 07083, United States","1","","","","","","","instantexportexcel1714527043682"
"346996901","Brilliant Solar Paneling","www.brilliantsolarpaneling.com","2008","(201) 522-9472","","","1432","$1 mil. - $5 mil.","7","Employees.5to9","1629","162","16;162;1629","237130","23713","23;237;2371;23713;237130","Construction","Civil Engineering Construction","Construction","Civil Engineering Construction","construction","construction.civil","","https://app.zoominfo.com/#/apps/profile/company/346996901","","","","Private","","No","","0","0","","","","","40-30 Terhune Pl","Fair Lawn","New Jersey","07410","United States","40-30 Terhune Pl, Fair Lawn, New Jersey, 07410, United States","1","","","","","","","instantexportexcel1714527043682"
"542991069","TurboTech Energy","www.turbotech.us","2020","(856) 242-3260","","","923","$500,000 - $1 mil.","10","Employees.10to19","4899","4841","48;484;4841;483;4833;489;4899","517919","517810","51;517;5178;51781;517810;5179;51791;517919","Telecommunications","Telephony & Wireless","Telecommunications","Telephony & Wireless","telecom","telecom.telephone","","https://app.zoominfo.com/#/apps/profile/company/542991069","http://www.linkedin.com/company/turbotechenergy","http://www.facebook.com/turbotechpcs","http://www.twitter.com/india_turbotech","Private","B2B","Yes","July 14, 2021","0","0","","","","","312 W Rte 38 Ste 204","Moorestown","New Jersey","08057","United States","312 W Rte 38 Ste 204, Moorestown, New Jersey, 08057, United States","7","","","","","","","instantexportexcel1714527043682"
"359675189","Sunperior Solar","www.solarpowerinc.net","2014","(973) 577-6158","(916) 745-0999","","3786","$1 mil. - $5 mil.","10","Employees.10to19","1629","162","49;16;162;1629","237130","23713","22;221;23;237;2371;23713;237130","Energy, Utilities & Waste","","Energy, Utilities & Waste;Construction","Civil Engineering Construction","energy","","21117662","https://app.zoominfo.com/#/apps/profile/company/359675189","http://www.linkedin.com/company/sunperior-solar-llc","http://www.facebook.com/sunperior","","Private","B2B","Yes","August 21, 2019","0","0","","","","","101 Eisenhower Pkwy Ste 300","Roseland","New Jersey","07068","United States","101 Eisenhower Pkwy Ste 300, Roseland, New Jersey, 07068, United States","1","","","","","","","instantexportexcel1714527043682"
"468157466","Suntuity AirWorks","www.suntuityairworks.com","2018","(833) 424-7957","","","3389","$1 mil. - $5 mil.","22","Employees.20to49","7389","7379","73;737;7379;7374;738;7389;7371;7372","541511","518210","51;513;5132;51321;513210;518;5182;51821;518210;54;541;5415;54151;541511","Business Services","Custom Software & IT Services","Business Services","Custom Software & IT Services","bizservice","bizservice.techconsulting","15203241","https://app.zoominfo.com/#/apps/profile/company/468157466","","http://www.facebook.com/suntuityairworks","","Private","B2B","Yes","July 06, 2020","48","48","Debt","January 27, 2021","PPP","PPP","2137 Nj-35","Holmdel","New Jersey","07733","United States","2137 Nj-35, Holmdel, New Jersey, 07733, United States","1","","","","","","","instantexportexcel1714527043682"
"344751868","Sigma Design","www.sigmadesign.net","1996","(732) 629-7555","","","4527","$1 mil. - $5 mil.","16","Employees.10to19","8711","871","73;737;87;871;8711","541330","54133","54;541;5413;54133;541330;51;518;5182","Software","","Software;Construction","Architecture, Engineering & Design","software","","13400568","https://app.zoominfo.com/#/apps/profile/company/344751868","http://www.linkedin.com/company/sigma-design-international","http://www.facebook.com/sigma-design-company-221992701212974","http://www.twitter.com/sigmadesignco","Private","B2B","Yes","April 24, 2023","164","164","Debt","January 30, 2021","PPP","PPP","200 Pond Ave","Middlesex","New Jersey","08846","United States","200 Pond Ave, Middlesex, New Jersey, 08846, United States","5","","","","","","","instantexportexcel1714527043682"
"354487478","21st Century Group","www.21st-century-group.com","","(732) 826-0904","(732) 826-0905","","1258","$1 mil. - $5 mil.","8","Employees.5to9","1629","162","16;162;1629","237130","23713","23;237;2371;23713;237130","Construction","Civil Engineering Construction","Construction;Energy, Utilities & Waste","Civil Engineering Construction;Electricity, Oil & Gas","construction","construction.civil","","https://app.zoominfo.com/#/apps/profile/company/354487478","http://www.linkedin.com/company/21st-century-solar","","","Private","B2B","No","","0","0","","","","","505 Milltown Rd","North Brunswick","New Jersey","08902","United States","505 Milltown Rd, North Brunswick, New Jersey, 08902, United States","1","","","","","","","instantexportexcel1714527043682"
"344385992","PVOne","www.pvone.com","2006","(732) 758-1777","(732) 758-1778","","1190","$1 mil. - $5 mil.","4","Employees.1to4","5074","507","50;507;5074","423720","42372","42;423;4237;42372;423720","Retail","Home Improvement & Hardware Retail","Retail","Home Improvement & Hardware Retail","retail","retail.hardware","","https://app.zoominfo.com/#/apps/profile/company/344385992","http://www.linkedin.com/company/pvone-llc","","","Private","B2C","Yes","April 11, 2022","0","0","","","","","771 Shrewsbury Ave Ste 105","Shrewsbury","New Jersey","07702","United States","771 Shrewsbury Ave Ste 105, Shrewsbury, New Jersey, 07702, United States","1","","","","","","","instantexportexcel1714527043682"
"478547492","Absolute Solar","www.absolutesolarnj.com","2018","(732) 963-6700","","","1184","$1 mil. - $5 mil.","7","Employees.5to9","1629","162","16;162;1629","237130","23713","23;237;2371;23713;237130","Construction","Civil Engineering Construction","Construction","Civil Engineering Construction","construction","construction.civil","","https://app.zoominfo.com/#/apps/profile/company/478547492","http://www.linkedin.com/company/absolute-solar-llc","","","Private","","No","","0","0","","","","","15 America Ave Unit 104","Lakewood","New Jersey","08701","United States","15 America Ave Unit 104, Lakewood, New Jersey, 08701, United States","1","","","","","","","instantexportexcel1714527043682"
"463931800","Solar Medix","www.solarmedix.com","2020","(732) 785-4814","","","1194","$1 mil. - $5 mil.","15","Employees.10to19","1629","162","16;162;1629","237130","23713","23;237;2371;23713;237130","Energy, Utilities & Waste","Waste Treatment, Environmental Services & Recycling","Energy, Utilities & Waste;Construction","Waste Treatment, Environmental Services & Recycling;Civil Engineering Construction","energy","energy.environment","20132595","https://app.zoominfo.com/#/apps/profile/company/463931800","http://www.linkedin.com/company/solar-medix","http://www.facebook.com/solarmedix","","Private","B2B","Yes","March 04, 2024","0","0","","","","","1301 Corlies Ave Ste 3D","Neptune City","New Jersey","07753","United States","1301 Corlies Ave Ste 3D, Neptune City, New Jersey, 07753, United States","2","","","","","","","instantexportexcel1714527043682"
"513867549","Solar Melon","www.solarmelon.com","2017","(347) 989-4231","","","2660","$1 mil. - $5 mil.","11","Employees.10to19","1629","162","16;162;1629","237130","23713","23;237;2371;23713;237130","Construction","Civil Engineering Construction","Construction","Civil Engineering Construction","construction","construction.civil","12593664","https://app.zoominfo.com/#/apps/profile/company/513867549","http://www.linkedin.com/company/solar-melon","http://www.facebook.com/solarmelon","http://www.twitter.com/solarmelon","Private","","No","","0","0","","","","","115 Morris St","Jersey City","New Jersey","07302","United States","115 Morris St, Jersey City, New Jersey, 07302, United States","1","","","","","","","instantexportexcel1714527043682"
"350746604","Solar Swim","www.solarswim.net","1976","(732) 873-1795","","","1949","$1 mil. - $5 mil.","6","Employees.5to9","3433","343","34;343;3433","333414","33341","33;333;3334;33341;333414","Construction","Commercial & Residential Construction","Construction;Manufacturing","Commercial & Residential Construction;Building Materials","construction","construction.construction","5018940","https://app.zoominfo.com/#/apps/profile/company/350746604","http://www.linkedin.com/company/solar-swim-pool-heating-systems","http://www.facebook.com/solarswim","","Private","B2B","No","","0","0","","","","","547 Elizabeth Ave","Somerset","New Jersey","08873","United States","547 Elizabeth Ave, Somerset, New Jersey, 08873, United States","1","","","","","","","instantexportexcel1714527043682"
"347646557","Green Power Developers","www.greenpowerdevelopers.com","2021","(732) 806-0096","","","1246","$1 mil. - $5 mil.","12","Employees.10to19","1629","162","16;162;1629","237130","23713","23;237;2371;23713;237130","Construction","Civil Engineering Construction","Construction;Energy, Utilities & Waste;Manufacturing","Civil Engineering Construction;Chemicals & Related Products;Electricity, Oil & Gas","construction","construction.civil","20598816","https://app.zoominfo.com/#/apps/profile/company/347646557","http://www.linkedin.com/company/green-power-developers-llc","","","Private","B2B","Yes","December 28, 2023","0","0","","","","","1869 Lanes Mill Rd","Lakewood","New Jersey","08701","United States","1869 Lanes Mill Rd, Lakewood, New Jersey, 08701, United States","3","","","","","","","instantexportexcel1714527043682"
"539089900","Citizens Party Action Council","www.citpac1.org","","+886 227163123","","","1022","$1 mil. - $5 mil.","9","Employees.5to9","8651","865","86;865;8651","813940","81394","81;813;8139;81394;813940","Organizations","","Organizations","Membership Organizations","orgs","","","https://app.zoominfo.com/#/apps/profile/company/539089900","http://www.linkedin.com/company/35948228","http://www.facebook.com/infolinkconsulting.jp","http://www.twitter.com/infolinkconsult","Private","","No","","0","0","","","","","PO Box 141","Lanoka Harbor","New Jersey","08734","United States","PO Box 141, Lanoka Harbor, New Jersey, 08734, United States","","","","","","","","instantexportexcel1714527043682"
"442435742","Brownie Electric","www.brownie-electric.com","1992","(856) 663-6466","","","4218","$1 mil. - $5 mil.","16","Employees.10to19","1731","173","17;173;1731","238210","23821","23;238;2382;23821;238210","Construction","Commercial & Residential Construction","Construction","Commercial & Residential Construction","construction","construction.construction","","https://app.zoominfo.com/#/apps/profile/company/442435742","http://www.linkedin.com/company/brownie-electric","http://www.facebook.com/brownie-electric-inc-1547527228909626","http://www.twitter.com/brownieelectric","Private","B2C","No","","0","0","","","","","101 Chapel Ave W","Cherry Hill","New Jersey","08002","United States","101 Chapel Ave W, Cherry Hill, New Jersey, 08002, United States","1","","","","","","","instantexportexcel1714527043682"
"1313841873","Solar","www.100ksolar.com","","(732) 814-8087","","","2666","$1 mil. - $5 mil.","12","Employees.10to19","1629","162","16;162;1629","237130","23713","23;237;2371;23713;237130","Construction","Civil Engineering Construction","Construction","Civil Engineering Construction","construction","construction.civil","","https://app.zoominfo.com/#/apps/profile/company/1313841873","","","","Private","","No","","0","0","","","","","22 Mediterranean Ct","Barnegat","New Jersey","08005","United States","22 Mediterranean Ct, Barnegat, New Jersey, 08005, United States","1","","","","","","","instantexportexcel1714527043682"
"1107018310","Infinity Energy","www.infinitysolarsystems.com","1985","(855) 769-3713","","","4045","$1 mil. - $5 mil.","13","Employees.10to19","1629","162","16;162;1629","237130","23713","23;237;2371;23713;237130","Construction","Civil Engineering Construction","Construction","Civil Engineering Construction","construction","construction.civil","14605699","https://app.zoominfo.com/#/apps/profile/company/1107018310","http://www.linkedin.com/company/infinity-solar-systems","http://www.facebook.com/infinity-solar-system-415631535183313","http://www.twitter.com/_infinitysolar","Private","","Yes","December 06, 2023","0","0","","","","","1913 Atlantic Ave Ste 101","Manasquan","New Jersey","08736","United States","1913 Atlantic Ave Ste 101, Manasquan, New Jersey, 08736, United States","1","","","","","","","instantexportexcel1714527043682"
"465447090","Hollander Solar","www.hollandersolar.com","2016","(732) 967-3200","","","3916","$1 mil. - $5 mil.","17","Employees.10to19","1629","162","16;162;1629","237130","23713","23;237;2371;23713;237130","Energy, Utilities & Waste","Waste Treatment, Environmental Services & Recycling","Energy, Utilities & Waste;Construction","Waste Treatment, Environmental Services & Recycling;Civil Engineering Construction","energy","energy.environment","","https://app.zoominfo.com/#/apps/profile/company/465447090","http://www.linkedin.com/company/apex-solar","","","Private","","No","","0","0","","","","","317 George St Ste 320","New Brunswick","New Jersey","08901","United States","317 George St Ste 320, New Brunswick, New Jersey, 08901, United States","1","","","","","","","instantexportexcel1714527043682"
"346930198","Cambria Solar","www.cambriasolarnj.com","2014","(609) 377-5575","(609) 380-4244","","1142","$1 mil. - $5 mil.","6","Employees.5to9","1731","173","17;173;1731","238210","23821","23;238;2382;23821;238210","Construction","Commercial & Residential Construction","Construction","Commercial & Residential Construction","construction","construction.construction","","https://app.zoominfo.com/#/apps/profile/company/346930198","","","","Private","","No","","0","0","","","","","206 Cambria Ave Ste A","Pleasantville","New Jersey","08232","United States","206 Cambria Ave Ste A, Pleasantville, New Jersey, 08232, United States","2","","","","","","","instantexportexcel1714527043682"
"549748110","Sunrise Solar","www.sunrise-llc.com","2016","(856) 217-2940","","","1776","$1 mil. - $5 mil.","10","Employees.10to19","1799","179","17;179;1799;15;16","238990","23899","23;238;2389;23899;238990","Construction","Commercial & Residential Construction","Construction","Commercial & Residential Construction","construction","construction.construction","","https://app.zoominfo.com/#/apps/profile/company/549748110","","http://www.facebook.com/sunrisecontractor","http://www.twitter.com/steve_sunnrise","Private","B2C","No","","0","0","","","","","320 Warren Ave","Bellmawr","New Jersey","08031","United States","320 Warren Ave, Bellmawr, New Jersey, 08031, United States","1","","","","","","","instantexportexcel1714527043682"
"1314158665","Newark Solar Power Solutions","www.newarksolarpowersolutions.com","","","","","4090","$1 mil. - $5 mil.","17","Employees.10to19","4911","491","49;491;4911","221114","22111","22;221;2211;22111;221114","Energy, Utilities & Waste","Electricity, Oil & Gas","Energy, Utilities & Waste","Electricity, Oil & Gas","energy","energy.energy","16952917","https://app.zoominfo.com/#/apps/profile/company/1314158665","","","","Private","","No","","0","0","","","","","2121 Mccarter Hwy","Newark","New Jersey","07104","United States","2121 Mccarter Hwy, Newark, New Jersey, 07104, United States","1","","","","","","","instantexportexcel1714527043682"
"412349001","Complete Remodeling Group","www.completeremodelinggroup.com","","(201) 540-9122","","","1121","$1 mil. - $5 mil.","6","Employees.5to9","1521","152","15;152;1521","236118","23611","23;236;2361;23611;236118","Construction","Commercial & Residential Construction","Construction","Commercial & Residential Construction","construction","construction.construction","","https://app.zoominfo.com/#/apps/profile/company/412349001","","","","Private","","No","","0","0","","","","","5 Sicomac Rd Ste 331","Haledon","New Jersey","07508","United States","5 Sicomac Rd Ste 331, Haledon, New Jersey, 07508, United States","3","","","","","","","instantexportexcel1714527043682"
"468313454","Suntuity Solar","www.suntuitysolar.com","2008","(866) 956-0725","","","1857","$1 mil. - $5 mil.","624","Employees.500to999","1629","162","16;162;1629","237130","23713","23;237;2371;23713;237130","Energy, Utilities & Waste","Waste Treatment, Environmental Services & Recycling","Energy, Utilities & Waste;Construction","Waste Treatment, Environmental Services & Recycling;Civil Engineering Construction","energy","energy.environment","5384005","https://app.zoominfo.com/#/apps/profile/company/468313454","http://www.linkedin.com/company/powered-by-suntuity","http://www.facebook.com/suntuitysolar","http://www.twitter.com/suntuitysolar","Private","B2B","Yes","December 18, 2019","547","547","Debt","February 26, 2021","PPP","PPP","2137 Nj-35","Holmdel","New Jersey","07733","United States","2137 Nj-35, Holmdel, New Jersey, 07733, United States","2","","566152629","Suntuity Renewables","347642052","Suntuity","Subsidiary","instantexportexcel1714527043682"
"1287754949","Nichomus Run Solar Farm","www.nichomusrunsolar.com","","","","","1759","$1 mil. - $5 mil.","15","Employees.10to19","4911","491","49;491;4911","221114","22111","22;221;2211;22111;221114","Energy, Utilities & Waste","Electricity, Oil & Gas","Energy, Utilities & Waste","Electricity, Oil & Gas","energy","energy.energy","","https://app.zoominfo.com/#/apps/profile/company/1287754949","","http://www.facebook.com/nichomusrunsolar","","Private","","No","","0","0","","","","","600 G St Ste 401","Millville","New Jersey","08332","United States","600 G St Ste 401, Millville, New Jersey, 08332, United States","1","Yes","12943661","Enel Spa","346497999","Enel Green Power SpA,","Acquisition","instantexportexcel1714527043682"
"42778828","WorldWater & Solar Technologies","www.worldwatersolar.com","1984","(609) 356-0372","(609) 356-0449","","1462","$1 mil. - $5 mil.","20","Employees.20to49","5074","507","50;507;5074","423720","42372","42;423;4237;42372;423720","Energy, Utilities & Waste","Electricity, Oil & Gas","Energy, Utilities & Waste;Retail","Electricity, Oil & Gas;Home Improvement & Hardware Retail","energy","energy.energy","","https://app.zoominfo.com/#/apps/profile/company/42778828","http://www.linkedin.com/company/worldwater-corp","http://www.facebook.com/worldwatersolar","http://www.twitter.com/worldwatersolar","Private","B2B","Yes","March 03, 2022","0","0","","","","","330 Carter Rd","Princeton","New Jersey","08540","United States","330 Carter Rd, Princeton, New Jersey, 08540, United States","3","","","","","","","instantexportexcel1714527043682"
"345541545","Eastern Solar Glass","www.easternsolarglass.com","1980","(856) 767-3442","","","1731","$1 mil. - $5 mil.","14","Employees.10to19","1793","179","17;179;1793","238150","23815","23;238;2381;23815;238150","Construction","Commercial & Residential Construction","Construction;Media & Internet","Commercial & Residential Construction;Broadcasting","construction","construction.construction","","https://app.zoominfo.com/#/apps/profile/company/345541545","http://www.linkedin.com/company/easternsolarglass-windowfilms","http://www.facebook.com/easternsolarglass","http://www.twitter.com/easternsolar88","Private","B2B","Yes","April 14, 2023","0","0","","","","","1008 Industrial Dr Ste C","West Berlin","New Jersey","08091","United States","1008 Industrial Dr Ste C, West Berlin, New Jersey, 08091, United States","3","","","","","","","instantexportexcel1714527043682"
"448238165","Wen Zhang","www.wenresearch.com","","(973) 596-5520","","","922","$500,000 - $1 mil.","6","Employees.5to9","8731","873","87;873;8731","541715","54171","54;541;5417;54171;541715","Business Services","Research & Development","Business Services","Research & Development","bizservice","bizservice.r&d","17347281","https://app.zoominfo.com/#/apps/profile/company/448238165","","","","Private","","No","","0","0","","","","","323 Dr Martin Luther King Jr Blvd","Newark","New Jersey","07102","United States","323 Dr Martin Luther King Jr Blvd, Newark, New Jersey, 07102, United States","1","","","","","","","instantexportexcel1714527043682"
"351905626","Adventive Ideas","www.adventiveideas.com","2007","(609) 924-6110","(609) 924-0051","","1154","$1 mil. - $5 mil.","5","Employees.5to9","3648","364","36;364;3648","335139","335129","33;335;3351;33513;335139;33512;335129","Retail","Apparel & Accessories Retail","Retail;Manufacturing","Apparel & Accessories Retail;Household Goods","retail","retail.clothes","","https://app.zoominfo.com/#/apps/profile/company/351905626","http://www.linkedin.com/company/adventive-ideas-llc","","","Private","B2C","Yes","March 23, 2019","0","0","","","","","47 Grasmere Way","Princeton","New Jersey","08540","United States","47 Grasmere Way, Princeton, New Jersey, 08540, United States","2","","","","","","","instantexportexcel1714527043682"
"1151560680","Solar Gard","www.solargardwindowtint.com","","(856) 786-0566","","","409","Under $500,000","4","Employees.1to4","1799","179","17;179;1799","238150","23815","23;238;2381;23815;238150","Construction","Commercial & Residential Construction","Construction","Commercial & Residential Construction","construction","construction.construction","","https://app.zoominfo.com/#/apps/profile/company/1151560680","","http://www.facebook.com/solar-gard-window-tint-494079640763086","","Private","","No","","0","0","","","","","PO Box 2213","Riverton","New Jersey","08077","United States","PO Box 2213, Riverton, New Jersey, 08077, United States","","","","","","","","instantexportexcel1714527043682"
"363698263","Alumia Solar & Energy Solutions","www.alumiaenergy.com","2010","(201) 706-7770","","","249","Under $500,000","2","Employees.1to4","8748","874","87;874;8748","541690","54169","54;541;5416;54169;541690","Business Services","Management Consulting","Business Services;Energy, Utilities & Waste","Management Consulting;Electricity, Oil & Gas","bizservice","bizservice.consulting","","https://app.zoominfo.com/#/apps/profile/company/363698263","","http://www.facebook.com/alumia-solar-energy-solutions-llc-145060205509848","","Private","","No","","0","0","","","","","15 W Erie Ave","Rutherford","New Jersey","07070","United States","15 W Erie Ave, Rutherford, New Jersey, 07070, United States","1","","","","","","","instantexportexcel1714527043682"
"452371244","Via Solar","www.viasolarusa.com","2006","(908) 872-5972","","","1144","$1 mil. - $5 mil.","21","Employees.20to49","1629","162","16;162;1629","237130","23713","23;237;2371;23713;237130","Construction","Civil Engineering Construction","Construction","Civil Engineering Construction","construction","construction.civil","","https://app.zoominfo.com/#/apps/profile/company/452371244","http://www.linkedin.com/company/via-solar-llc","http://www.facebook.com/viasolarusa","http://www.twitter.com/viasolarusa","Private","B2B","Yes","August 09, 2020","0","0","","","","","PO Box 294","Gladstone","New Jersey","07934","United States","PO Box 294, Gladstone, New Jersey, 07934, United States","","","","","","","","instantexportexcel1714527043682"
"370351913","Littoral","www.littoralllc.com","2012","(732) 244-6480","","","1141","$1 mil. - $5 mil.","6","Employees.5to9","4911","491","49;491;4911","221118","22111","22;221;2211;22111;221118","Energy, Utilities & Waste","Electricity, Oil & Gas","Energy, Utilities & Waste;Retail","Electricity, Oil & Gas;Home Improvement & Hardware Retail","energy","energy.energy","","https://app.zoominfo.com/#/apps/profile/company/370351913","","http://www.facebook.com/littoral-llc-1394025140927665","","Private","B2C","Yes","December 17, 2021","0","0","","","","","700 Pennsylvania Ave","Pine Beach","New Jersey","08741","United States","700 Pennsylvania Ave, Pine Beach, New Jersey, 08741, United States","1","","","","","","","instantexportexcel1714527043682"
"852411","Ahoycaptain.com","www.ahoycaptain.com","1999","(908) 464-5581","","","949","$500,000 - $1 mil.","4","Employees.1to4","5551","555","55;555;5551","441222","44122","44;441;4412;44122;441222","Retail","Automobile Dealers","Retail","Automobile Dealers","retail","retail.auto","15850277","https://app.zoominfo.com/#/apps/profile/company/852411","http://www.linkedin.com/company/ahoycaptain-com","http://www.facebook.com/ahoycaptain","","Private","B2C","Yes","June 21, 2022","0","0","","","","","34 Fairfax Dr","Berkeley Heights","New Jersey","07922","United States","34 Fairfax Dr, Berkeley Heights, New Jersey, 07922, United States","1","","","","","","","instantexportexcel1714527043682"
"1327180832","prowaterheatersnj.com","www.prowaterheatersnj.com","","(201) 514-1990","","","2284","$1 mil. - $5 mil.","14","Employees.10to19","7221","722","72;722;7221","541921","54192","54;541;5419;54192;541921","Consumer Services","Photography Studio","Consumer Services","Photography Studio","consumerservices","consumerservices.photo","","https://app.zoominfo.com/#/apps/profile/company/1327180832","","","","Private","B2C","No","","0","0","","","","","8 Highland Cross Ste 208","Rutherford","New Jersey","07070","United States","8 Highland Cross Ste 208, Rutherford, New Jersey, 07070, United States","1","","","","","","","instantexportexcel1714527043682"
"562561189","Northkit Roofing","www.northkitroofing.com","2009","(973) 396-7416","","","1176","$1 mil. - $5 mil.","13","Employees.10to19","1761","176","17;176;1761","238160","23816","23;238;2381;23816;238160","Construction","","Construction","Commercial & Residential Construction","construction","","","https://app.zoominfo.com/#/apps/profile/company/562561189","http://www.linkedin.com/company/northkit-roofing","http://www.facebook.com/northkitroofing","","Private","B2B","No","","0","0","","","","","10 Village Park Rd","Cedar Grove","New Jersey","07009","United States","10 Village Park Rd, Cedar Grove, New Jersey, 07009, United States","1","","","","","","","instantexportexcel1714527043682"
"373353387","Impact Solar","www.impactsolarnj.com","2015","(856) 316-8086","","","1127","$1 mil. - $5 mil.","30","Employees.20to49","1629","162","16;162;1629","237130","23713","23;237;2371;23713;237130","Energy, Utilities & Waste","Waste Treatment, Environmental Services & Recycling","Energy, Utilities & Waste;Construction","Waste Treatment, Environmental Services & Recycling;Civil Engineering Construction","energy","energy.environment","18936411","https://app.zoominfo.com/#/apps/profile/company/373353387","http://www.linkedin.com/company/impact-solar-nj-llc","http://www.facebook.com/impactsolarnj","","Private","B2B","Yes","April 05, 2022","0","0","","","","","202 Glenwood Ave","Haddonfield","New Jersey","08033","United States","202 Glenwood Ave, Haddonfield, New Jersey, 08033, United States","2","","","","","","","instantexportexcel1714527043682"
"482463515","Solar","www.doctorsolarllc.com","","(732) 558-3368","","","1123","$1 mil. - $5 mil.","6","Employees.5to9","1629","162","16;162;1629","237130","23713","23;237;2371;23713;237130","Construction","Civil Engineering Construction","Construction","Civil Engineering Construction","construction","construction.civil","","https://app.zoominfo.com/#/apps/profile/company/482463515","","","","Private","","No","","0","0","","","","","204 Ark Rd Ste 208I","Mount Laurel","New Jersey","08054","United States","204 Ark Rd Ste 208I, Mount Laurel, New Jersey, 08054, United States","1","","","","","","","instantexportexcel1714527043682"
"557729810","EMT Solar & Roofing","www.emtsolar.com","","(866) 264-3065","","","2808","$1 mil. - $5 mil.","90","Employees.50to99","1761","176","17;176;1761","238160","23816","23;238;2381;23816;238160","Construction","","Construction","Commercial & Residential Construction","construction","","10768729","https://app.zoominfo.com/#/apps/profile/company/557729810","http://www.linkedin.com/company/emt-solar-and-roofing","http://www.facebook.com/emtsolarandroofing","","Private","B2B","Yes","January 11, 2024","0","0","","","","","523 Hollywood Ave Fl 3","Cherry Hill","New Jersey","08002","United States","523 Hollywood Ave Fl 3, Cherry Hill, New Jersey, 08002, United States","1","","","","","","","instantexportexcel1714527043682"
"1314152796","Solar Panels Vineland","www.solarpanelsvineland.com","","","","","3152","$1 mil. - $5 mil.","14","Employees.10to19","1629","162","16;162;1629","237130","23713","23;237;2371;23713;237130","Construction","Civil Engineering Construction","Construction","Civil Engineering Construction","construction","construction.civil","","https://app.zoominfo.com/#/apps/profile/company/1314152796","","","","Private","","No","","0","0","","","","","15 N East Ave","Vineland","New Jersey","08360","United States","15 N East Ave, Vineland, New Jersey, 08360, United States","1","","","","","","","instantexportexcel1714527043682"
"1312823201","The Queen Team General Contracting","www.queenteamgc.com","","","","","843","$500,000 - $1 mil.","12","Employees.10to19","1799","179","17;179;1799","238990","23899","23;238;2389;23899;238990","Construction","Commercial & Residential Construction","Construction","Commercial & Residential Construction","construction","construction.construction","","https://app.zoominfo.com/#/apps/profile/company/1312823201","","http://www.facebook.com/thequeenteamgc","","Private","","No","","0","0","","","","","1142 Monroe Ave","Atlantic City","New Jersey","08401","United States","1142 Monroe Ave, Atlantic City, New Jersey, 08401, United States","1","","","","","","","instantexportexcel1714527043682"
"1106026533","Crawford Solar Concepts","","","(908) 358-2179","","","170","Under $500,000","4","Employees.1to4","7299","729","72;729;7299","541990","54199","54;541;5419;54199;541990","Business Services","Research & Development","Business Services","Research & Development","bizservice","bizservice.r&d","","https://app.zoominfo.com/#/apps/profile/company/1106026533","","","","Private","B2C","No","","0","0","","","","","556 South Ave","Dunellen","New Jersey","08812","United States","556 South Ave, Dunellen, New Jersey, 08812, United States","1","","","","","","","instantexportexcel1714527043682"
"1109889752","Breeze Heating Ac & Refrid Refrid & Solar Systems","","","(609) 889-0773","","","102","Under $500,000","3","Employees.1to4","1711","171","17;171;1711","238220","23822","23;238;2382;23822;238220","Construction","Commercial & Residential Construction","Construction","Commercial & Residential Construction","construction","construction.construction","","https://app.zoominfo.com/#/apps/profile/company/1109889752","","","","Private","","No","","0","0","","","","","246 E Florida Ave","Villas","New Jersey","08251","United States","246 E Florida Ave, Villas, New Jersey, 08251, United States","1","","","","","","","instantexportexcel1714527043682"
"69830458","LBI Solar","www.lbisolar.com","2001","(609) 553-0049","","","4811","$1 mil. - $5 mil.","20","Employees.20to49","1629","162","16;162;1629","237130","23713","23;237;2371;23713;237130","Energy, Utilities & Waste","Waste Treatment, Environmental Services & Recycling","Energy, Utilities & Waste;Construction","Waste Treatment, Environmental Services & Recycling;Civil Engineering Construction","energy","energy.environment","","https://app.zoominfo.com/#/apps/profile/company/69830458","http://www.linkedin.com/company/lbi-solar","","","Private","","No","","0","0","","","","","42 Antioch Rd","Beach Haven","New Jersey","08008","United States","42 Antioch Rd, Beach Haven, New Jersey, 08008, United States","1","","","","","","","instantexportexcel1714527043682"
"371633876","Solar Renewable Energy Concepts","www.s-r-e-c.com","2009","(201) 871-2000","(201) 567-6767","","1218","$1 mil. - $5 mil.","4","Employees.1to4","5063","506","50;506;5063","423610","42361","42;423;4236;42361;423610","Retail","Consumer Electronics & Computers Retail","Retail;Energy, Utilities & Waste","Consumer Electronics & Computers Retail;Electricity, Oil & Gas","retail","retail.computer","","https://app.zoominfo.com/#/apps/profile/company/371633876","http://www.linkedin.com/company/solar-renewable-energy-concepts-llc.","http://www.facebook.com/solar-renewable-energy-concepts-llc-148258050501","","Private","","No","","0","0","","","","","282 Grand Ave","Englewood","New Jersey","07631","United States","282 Grand Ave, Englewood, New Jersey, 07631, United States","1","","","","","","","instantexportexcel1714527043682"
"355759116","Rein Triefeldt","www.triefeldt.com","","(609) 656-2380","","","2847","$1 mil. - $5 mil.","9","Employees.5to9","3275","327","32;327;3275;29;21;26;39","327420","32742","32;327;3274;32742;327420","Manufacturing","Building Materials","Manufacturing","Building Materials","mfg","mfg.building","","https://app.zoominfo.com/#/apps/profile/company/355759116","http://www.linkedin.com/company/solar-tree-foundation-llc","http://www.facebook.com/rein.triefeldt","http://www.twitter.com/solarsculpture","Private","B2C","Yes","November 03, 2021","0","0","","","","","1115 Hamilton Ave","Trenton","New Jersey","08629","United States","1115 Hamilton Ave, Trenton, New Jersey, 08629, United States","1","","","","","","","instantexportexcel1714527043682"
"1333708964","Velaz Solar","www.velazsolar.com","","","","","2869","$1 mil. - $5 mil.","13","Employees.10to19","1629","162","16;162;1629","237130","23713","23;237;2371;23713;237130","Construction","Civil Engineering Construction","Construction","Civil Engineering Construction","construction","construction.civil","","https://app.zoominfo.com/#/apps/profile/company/1333708964","","http://www.facebook.com/100093080946985","","Private","","No","","0","0","","","","","210 Sylvan Ave Ste 21","Englewood Cliffs","New Jersey","07632","United States","210 Sylvan Ave Ste 21, Englewood Cliffs, New Jersey, 07632, United States","1","","","","","","","instantexportexcel1714527043682"
"1314084315","Freehold Solar Power Systems","www.freeholdsolarpowersystems.com","","","","","2247","$1 mil. - $5 mil.","20","Employees.20to49","4911","491","49;491;4911","221114","22111","22;221;2211;22111;221114","Energy, Utilities & Waste","Electricity, Oil & Gas","Energy, Utilities & Waste","Electricity, Oil & Gas","energy","energy.energy","","https://app.zoominfo.com/#/apps/profile/company/1314084315","","","","Private","","No","","0","0","","","","","920 Nj-33","Freehold","New Jersey","07728","United States","920 Nj-33, Freehold, New Jersey, 07728, United States","1","","","","","","","instantexportexcel1714527043682"
"1327094564","Piscataway Solar Power Systems","www.piscatawaysolarpowersystems.com","","","","","3750","$1 mil. - $5 mil.","26","Employees.20to49","4911","491","49;491;4911","221114","22111","22;221;2211;22111;221114","Energy, Utilities & Waste","Electricity, Oil & Gas","Energy, Utilities & Waste","Electricity, Oil & Gas","energy","energy.energy","","https://app.zoominfo.com/#/apps/profile/company/1327094564","","","","Private","","No","","0","0","","","","","15 Corporate Pl S","Piscataway","New Jersey","08854","United States","15 Corporate Pl S, Piscataway, New Jersey, 08854, United States","1","","","","","","","instantexportexcel1714527043682"
"1323123943","Passive Solar Home","passivesolar.sustainablesources.com","","","","","2774","$1 mil. - $5 mil.","17","Employees.10to19","1629","162","16;162;1629","237130","23713","23;237;2371;23713;237130","Construction","Civil Engineering Construction","Construction","Civil Engineering Construction","construction","construction.civil","","https://app.zoominfo.com/#/apps/profile/company/1323123943","http://www.linkedin.com/company/passive-solar-home","","","Private","","No","","0","0","","","","","PO Box 509","Vernon","New Jersey","07462","United States","PO Box 509, Vernon, New Jersey, 07462, United States","","","","","","","","instantexportexcel1714527043682"
"347019557","Aston Solar","www.astonsolar.com","2009","(888) 666-8581","","","1174","$1 mil. - $5 mil.","8","Employees.5to9","4911","491","49;491;4911","221114","22111","22;221;2211;22111;221114","Energy, Utilities & Waste","Electricity, Oil & Gas","Energy, Utilities & Waste","Electricity, Oil & Gas","energy","energy.energy","","https://app.zoominfo.com/#/apps/profile/company/347019557","http://www.linkedin.com/company/aston-solar-llc","http://www.facebook.com/aston-solar-135355633204061","http://www.twitter.com/astonsolar","Private","B2B","No","","0","0","","","","","255 Old New Brunswick Rd Ste S235","Piscataway","New Jersey","08854","United States","255 Old New Brunswick Rd Ste S235, Piscataway, New Jersey, 08854, United States","3","","","","","","","instantexportexcel1714527043682"
"527217714","US Solar Savings","www.ussolarsavings.com","","(833) 970-3718","","","1634","$1 mil. - $5 mil.","11","Employees.10to19","1711","171","17;171;1711;15;16","238220","23822","23;238;2382;23822;238220","Construction","Commercial & Residential Construction","Construction","Commercial & Residential Construction","construction","construction.construction","","https://app.zoominfo.com/#/apps/profile/company/527217714","","http://www.facebook.com/id","","Private","","No","","0","0","","","","","485c Us Hwy 1 S Ste 350","Iselin","New Jersey","08830","United States","485c Us Hwy 1 S Ste 350, Iselin, New Jersey, 08830, United States","1","","","","","","","instantexportexcel1714527043682"
"358238638","Aquantum Solar","www.aquantumsolar.com","2011","(800) 918-1680","","","1159","$1 mil. - $5 mil.","5","Employees.5to9","1629","162","16;162;1629","237130","23713","23;237;2371;23713;237130","Construction","Civil Engineering Construction","Construction","Civil Engineering Construction","construction","construction.civil","","https://app.zoominfo.com/#/apps/profile/company/358238638","http://www.linkedin.com/company/aquantum-solar","http://www.facebook.com/aquantumsolarllc","","Private","","Yes","October 29, 2021","0","0","","","","","37 W Fort Lee Rd","Bogota","New Jersey","07603","United States","37 W Fort Lee Rd, Bogota, New Jersey, 07603, United States","1","","","","","","","instantexportexcel1714527043682"
"1326377316","Union City Solar Power Systems","www.unioncitysolarpowersystems.com","","(201) 885-1017","","","4534","$1 mil. - $5 mil.","27","Employees.20to49","4911","491","49;491;4911","221114","22111","22;221;2211;22111;221114","Energy, Utilities & Waste","Electricity, Oil & Gas","Energy, Utilities & Waste","Electricity, Oil & Gas","energy","energy.energy","","https://app.zoominfo.com/#/apps/profile/company/1326377316","","","","Private","B2B","No","","0","0","","","","","1101 Summit Ave","Union City","New Jersey","07087","United States","1101 Summit Ave, Union City, New Jersey, 07087, United States","1","","","","","","","instantexportexcel1714527043682"
"539655377","Solar Credit","www.solarcredit.org","2018","","","","3198","$1 mil. - $5 mil.","5","Employees.5to9","4911","491","49;491;4911","221114","22111","22;221;2211;22111;221114","Energy, Utilities & Waste","Electricity, Oil & Gas","Energy, Utilities & Waste","Electricity, Oil & Gas","energy","energy.energy","","https://app.zoominfo.com/#/apps/profile/company/539655377","http://www.linkedin.com/company/solarcredit","","","Private","","No","","0","0","","","","","Main St","Ridgewood","New Jersey","07450","United States","Main St, Ridgewood, New Jersey, 07450, United States","","","","","","","","instantexportexcel1714527043682"
"1118593842","Solar Steam Cleaning","","","(732) 541-2050","","","646","$500,000 - $1 mil.","4","Employees.1to4","7217","721","72;721;7217","561740","56174","56;561;5617;56174;561740","Consumer Services","Cleaning Services","Consumer Services","Cleaning Services","consumerservices","consumerservices.laundry","","https://app.zoominfo.com/#/apps/profile/company/1118593842","","","","Private","B2C","No","","0","0","","","","","PO Box 223","Port Reading","New Jersey","07064","United States","PO Box 223, Port Reading, New Jersey, 07064, United States","1","","","","","","","instantexportexcel1714527043682"
"1326211864","Solar Energy Agrivoltaic","www.delval-solar.com","","(609) 313-4093","","","3233","$1 mil. - $5 mil.","10","Employees.10to19","1629","162","16;162;1629","237130","23713","23;237;2371;23713;237130","Construction","Civil Engineering Construction","Construction","Civil Engineering Construction","construction","construction.civil","","https://app.zoominfo.com/#/apps/profile/company/1326211864","","","","Private","","No","","0","0","","","","","700 Rt 130 North","Riverton","New Jersey","08077","United States","700 Rt 130 North, Riverton, New Jersey, 08077, United States","1","","","","","","","instantexportexcel1714527043682"
"399230826","Rhythm Solar","www.rhythmsolar.com","2021","","","","2567","$1 mil. - $5 mil.","21","Employees.20to49","1629","162","16;162;1629","237130","23713","23;237;2371;23713;237130","Construction","Civil Engineering Construction","Construction","Civil Engineering Construction","construction","construction.civil","21061279","https://app.zoominfo.com/#/apps/profile/company/399230826","http://www.linkedin.com/company/rhythm-solar","","","Private","","Yes","August 21, 2019","0","0","","","","","2000 Crawford Pl Ste 300","Mount Laurel","New Jersey","08054","United States","2000 Crawford Pl Ste 300, Mount Laurel, New Jersey, 08054, United States","1","","","","","","","instantexportexcel1714527043682"
"353885705","Solar-mite Electrical Contractors","www.solarmite.com","2009","(732) 738-7700","","","3728","$1 mil. - $5 mil.","15","Employees.10to19","1731","173","17;173;1731","238210","23821","23;238;2382;23821;238210","Construction","Commercial & Residential Construction","Construction","Commercial & Residential Construction","construction","construction.construction","21188986","https://app.zoominfo.com/#/apps/profile/company/353885705","http://www.linkedin.com/company/solar-mite-electrical-inc.","","","Private","B2B","Yes","August 21, 2019","0","0","","","","","PO Box 356","Fords","New Jersey","08863","United States","PO Box 356, Fords, New Jersey, 08863, United States","1","","","","","","","instantexportexcel1714527043682"
"452828033","GHS Lighting","www.ghslighting.com","2016","(201) 212-6525","(201) 531-8606","","1360","$1 mil. - $5 mil.","7","Employees.5to9","3648","364","36;364;3648;29;21;26;39","335139","335129","33;335;3351;33513;335139;33512;335129","Manufacturing","Furniture","Manufacturing","Furniture;Household Goods","mfg","mfg.furniture","","https://app.zoominfo.com/#/apps/profile/company/452828033","","","","Private","B2B","No","","0","0","","","","","80 Wesley St","Hackensack","New Jersey","07606","United States","80 Wesley St, Hackensack, New Jersey, 07606, United States","1","","","","","","","instantexportexcel1714527043682"
"347637482","Anova Energy Solutions","www.anovaenergysolutions.com","2009","(732) 380-1150","(732) 380-1284","","1215","$1 mil. - $5 mil.","4","Employees.1to4","4911","491","49;491;4911","221113","22111","22;221;2211;22111;221113","Energy, Utilities & Waste","Waste Treatment, Environmental Services & Recycling","Energy, Utilities & Waste","Waste Treatment, Environmental Services & Recycling;Electricity, Oil & Gas","energy","energy.environment","","https://app.zoominfo.com/#/apps/profile/company/347637482","http://www.linkedin.com/company/anova-energy-solutions-llc","","http://www.twitter.com/anovaenergy","Private","","No","","0","0","","","","","6 Industrial Way W Bldg G","Eatontown","New Jersey","07724","United States","6 Industrial Way W Bldg G, Eatontown, New Jersey, 07724, United States","2","","","","","","","instantexportexcel1714527043682"
"411116938","Girard Interiors","www.girardinteriors.com","1987","(201) 263-1332","","","881","$500,000 - $1 mil.","6","Employees.5to9","5714","571","57;571;5714","449122","442291","44;449;4491;44912;449122;442;4422;44229;442291","Business Services","Multimedia & Graphic Design","Business Services;Retail","Multimedia & Graphic Design;Home Improvement & Hardware Retail","bizservice","bizservice.design","","https://app.zoominfo.com/#/apps/profile/company/411116938","http://www.linkedin.com/company/girard-interiors","http://www.facebook.com/girard.interiors","","Private","B2B","No","","0","0","","","","","69 Westwood Ave","Westwood","New Jersey","07675","United States","69 Westwood Ave, Westwood, New Jersey, 07675, United States","1","","","","","","","instantexportexcel1714527043682"
"473234198","EcoGen America","www.ecogenamerica.com","2016","(610) 624-2169","","","859","$500,000 - $1 mil.","11","Employees.10to19","1629","162","16;162;1629","237130","23713","23;237;2371;23713;237130","Construction","Civil Engineering Construction","Construction","Civil Engineering Construction","construction","construction.civil","","https://app.zoominfo.com/#/apps/profile/company/473234198","http://www.linkedin.com/company/ecogen-america","http://www.facebook.com/ecogenamericasolar","http://www.twitter.com/ecogenamerica","Private","B2C","No","","0","0","","","","","1101 Kings Hwy N Ste 210","Cherry Hill","New Jersey","08034","United States","1101 Kings Hwy N Ste 210, Cherry Hill, New Jersey, 08034, United States","5","","","","","","","instantexportexcel1714527043682"
"1288049800","Mahogany Solar","www.mahoganysolar.com","","(917) 282-6285","","","1579","$1 mil. - $5 mil.","8","Employees.5to9","1629","162","16;162;1629","237130","23713","23;237;2371;23713;237130","Construction","Civil Engineering Construction","Construction","Civil Engineering Construction","construction","construction.civil","","https://app.zoominfo.com/#/apps/profile/company/1288049800","http://www.linkedin.com/company/are-you-our-next-superstar","http://www.facebook.com/natecosolar","","Private","","No","","0","0","","","","","135 Belshaw Ave","Eatontown","New Jersey","07724","United States","135 Belshaw Ave, Eatontown, New Jersey, 07724, United States","1","","","","","","","instantexportexcel1714527043682"
"482549678","Sun Purity Solar","www.sunpuritysolar.com","","(732) 414-2762","","","1537","$1 mil. - $5 mil.","6","Employees.5to9","5211","521","52;521;5211","444110","44411","44;444;4441;44411;444110","Retail","Home Improvement & Hardware Retail","Retail","Home Improvement & Hardware Retail","retail","retail.hardware","","https://app.zoominfo.com/#/apps/profile/company/482549678","","http://www.facebook.com/sunpurity-solar-106881364134135","","Private","B2C","Yes","January 14, 2022","0","0","","","","","2448 U.s 9","Howell","New Jersey","07731","United States","2448 U.s 9, Howell, New Jersey, 07731, United States","1","","","","","","","instantexportexcel1714527043682"
"355256117","Precise Energy Group","www.preciseenergygroup.com","2010","(973) 325-1100","(973) 325-1151","","1383","$1 mil. - $5 mil.","4","Employees.1to4","4911","491","49;491;4911","221114","22111","22;221;2211;22111;221114","Energy, Utilities & Waste","Waste Treatment, Environmental Services & Recycling","Energy, Utilities & Waste","Waste Treatment, Environmental Services & Recycling;Electricity, Oil & Gas","energy","energy.environment","","https://app.zoominfo.com/#/apps/profile/company/355256117","http://www.linkedin.com/company/precise-energy-group-llc","http://www.facebook.com/precise-energy-group-llc-356301027778885","","Private","","No","","0","0","","","","","200 Executive Dr Ste 175","West Orange","New Jersey","07052","United States","200 Executive Dr Ste 175, West Orange, New Jersey, 07052, United States","2","","","","","","","instantexportexcel1714527043682"
"386845313","A&I Electrical Construction","www.aielectricalconstruction.com","","(800) 719-1705","","","4331","$1 mil. - $5 mil.","16","Employees.10to19","1731","173","17;173;1731","238210","23821","23;238;2382;23821;238210","Construction","Commercial & Residential Construction","Construction","Commercial & Residential Construction","construction","construction.construction","20182137","https://app.zoominfo.com/#/apps/profile/company/386845313","","http://www.facebook.com/ai-electrical-construction-llc-281005502585274","","Private","","Yes","June 09, 2022","295","145","Debt","March 03, 2021","PPP","PPP;PPP","115 S Atlantic Ave Ste 4","Berlin","New Jersey","08009","United States","115 S Atlantic Ave Ste 4, Berlin, New Jersey, 08009, United States","3","","","","","","","instantexportexcel1714527043682"
"476992991","Cross Land Exterior Solar Sun Shades","www.outdoorsunshade.com","","(213) 325-6717","","","197","Under $500,000","2","Employees.1to4","5719","571","57;571;5719","449122","444190","44;449;4491;44912;449122;444;4441;44419;444190","Retail","Home Improvement & Hardware Retail","Retail","Home Improvement & Hardware Retail","retail","retail.hardware","","https://app.zoominfo.com/#/apps/profile/company/476992991","","","","Private","B2C","No","","0","0","","","","","28 Haypress Rd Ste 103","Cranbury","New Jersey","08512","United States","28 Haypress Rd Ste 103, Cranbury, New Jersey, 08512, United States","2","","","","","","","instantexportexcel1714527043682"
"447259407","Solar Engineering of NJ","www.se-nj.com","","","","","1606","$1 mil. - $5 mil.","5","Employees.5to9","5074","507","50;507;5074","423720","42372","42;423;4237;42372;423720","Retail","Home Improvement & Hardware Retail","Retail","Home Improvement & Hardware Retail","retail","retail.hardware","","https://app.zoominfo.com/#/apps/profile/company/447259407","","","","Private","B2C","No","","0","0","","","","","2139 State Rte 35","Holmdel","New Jersey","07733","United States","2139 State Rte 35, Holmdel, New Jersey, 07733, United States","1","","","","","","","instantexportexcel1714527043682"
"354889247","Solar New Jersey","www.solar-new-jersey.org","","(973) 430-7000","","","2474","$1 mil. - $5 mil.","15","Employees.10to19","1629","162","16;162;1629","237130","23713","23;237;2371;23713;237130","Construction","Civil Engineering Construction","Construction","Civil Engineering Construction","construction","construction.civil","17255515","https://app.zoominfo.com/#/apps/profile/company/354889247","","http://www.facebook.com/solaramerica.org","http://www.twitter.com/gosolaramerica","Private","","No","","0","0","","","","","44 S Clinton Ave","Trenton","New Jersey","08625","United States","44 S Clinton Ave, Trenton, New Jersey, 08625, United States","3","","","","","","","instantexportexcel1714527043682"
"539183199","Solar Siding & Home Improvements","www.solarsidingllc.com","","(973) 667-6115","","","497","Under $500,000","4","Employees.1to4","1761","176","17;176;1761","238170","23817","23;238;2381;23817;238170","Construction","Commercial & Residential Construction","Construction","Commercial & Residential Construction","construction","construction.construction","","https://app.zoominfo.com/#/apps/profile/company/539183199","","http://www.facebook.com/solarsiding","","Private","","No","","0","0","","","","","10 Perry Rd","Nutley","New Jersey","07110","United States","10 Perry Rd, Nutley, New Jersey, 07110, United States","1","","","","","","","instantexportexcel1714527043682"
"354053020","Columbia Filters","www.columbiafiltersusa.com","2013","(212) 594-3014","(201) 438-0816","","2022","$1 mil. - $5 mil.","10","Employees.10to19","5075","507","50;507;5075","423730","42373","42;423;4237;42373;423730","Business Services","Facilities Management & Commercial Cleaning","Business Services;Retail","Facilities Management & Commercial Cleaning;Home Improvement & Hardware Retail","bizservice","bizservice.janitor","","https://app.zoominfo.com/#/apps/profile/company/354053020","http://www.linkedin.com/company/columbia-filters-inc","","","Private","B2B","Yes","June 13, 2022","150","150","Debt","April 27, 2020","PPP","PPP","255 Highland Cross Ste 4","Rutherford","New Jersey","07070","United States","255 Highland Cross Ste 4, Rutherford, New Jersey, 07070, United States","3","","","","","","","instantexportexcel1714527043682"
"1195959766","Crest Solar Energy Systems","","","(908) 272-4440","","","1096","$1 mil. - $5 mil.","5","Employees.5to9","4911","491","49;491;4911","221118","22111","22;221;2211;22111;221118","Energy, Utilities & Waste","Electricity, Oil & Gas","Energy, Utilities & Waste","Electricity, Oil & Gas","energy","energy.energy","","https://app.zoominfo.com/#/apps/profile/company/1195959766","","","","Private","","No","","0","0","","","","","120 Thomas St","Cranford","New Jersey","07016","United States","120 Thomas St, Cranford, New Jersey, 07016, United States","1","","","","","","","instantexportexcel1714527043682"
"1314131231","Howell Solar Power Systems","www.howellsolarpowersystems.com","","","","","4562","$1 mil. - $5 mil.","22","Employees.20to49","4911","491","49;491;4911","221114","22111","22;221;2211;22111;221114","Energy, Utilities & Waste","Electricity, Oil & Gas","Energy, Utilities & Waste","Electricity, Oil & Gas","energy","energy.energy","13230139","https://app.zoominfo.com/#/apps/profile/company/1314131231","","","","Private","","No","","0","0","","","","","2232 Us Hwy 9","Howell","New Jersey","07731","United States","2232 Us Hwy 9, Howell, New Jersey, 07731, United States","1","","","","","","","instantexportexcel1714527043682"
"515116651","True Home Solar","www.truehomesolar.com","","(856) 271-2087","","","1669","$1 mil. - $5 mil.","16","Employees.10to19","1629","162","16;162;1629","453930","237130","23;237;2371;23713;237130;45;453;4539;45393;453930","Construction","Civil Engineering Construction","Construction","Civil Engineering Construction","construction","construction.civil","","https://app.zoominfo.com/#/apps/profile/company/515116651","http://www.linkedin.com/company/true-home-solar","http://www.facebook.com/true-home-solar-2105297126415193","","Private","B2B","Yes","February 03, 2021","0","0","","","","","195 Fairfield Ave Ste 1B","Caldwell","New Jersey","07006","United States","195 Fairfield Ave Ste 1B, Caldwell, New Jersey, 07006, United States","1","","","","","","","instantexportexcel1714527043682"
"1145133688","Eastern Solar Glass Window Films","www.njsolarfilm.com","","(703) 593-5727","","","362","Under $500,000","5","Employees.5to9","1793","179","17;179;1793","238150","23815","23;238;2381;23815;238150","Construction","Commercial & Residential Construction","Construction","Commercial & Residential Construction","construction","construction.construction","","https://app.zoominfo.com/#/apps/profile/company/1145133688","","http://www.facebook.com/easternsolarglass","http://www.twitter.com/easternsolar88","Private","","No","","0","0","","","","","110 W Main St Ste C9","Bound Brook","New Jersey","08805","United States","110 W Main St Ste C9, Bound Brook, New Jersey, 08805, United States","1","","","","","","","instantexportexcel1714527043682"
"1188414862","Solar International Shipping Agency","","","(201) 420-5800","","","1854","$1 mil. - $5 mil.","5","Employees.5to9","5088","508","50;508;5088","423860","42386","42;423;4238;42386;423860","Retail","Home Improvement & Hardware Retail","Retail","Home Improvement & Hardware Retail","retail","retail.hardware","","https://app.zoominfo.com/#/apps/profile/company/1188414862","","","","Private","B2C","No","","0","0","","","","","525 Washington Blvd","Jersey City","New Jersey","07310","United States","525 Washington Blvd, Jersey City, New Jersey, 07310, United States","2","","","","","","","instantexportexcel1714527043682"
"1108360733","Passive Solar Homes","","","(973) 209-8300","","","225","Under $500,000","4","Employees.1to4","1629","162","16;162;1629","453930","237130","23;237;2371;23713;237130;45;453;4539;45393;453930","Construction","Civil Engineering Construction","Construction","Civil Engineering Construction","construction","construction.civil","","https://app.zoominfo.com/#/apps/profile/company/1108360733","","","","Private","","No","","0","0","","","","","7 Broken Arrow Trl","Vernon","New Jersey","07462","United States","7 Broken Arrow Trl, Vernon, New Jersey, 07462, United States","1","","","","","","","instantexportexcel1714527043682"
"1311286685","Kinetic Solar","kineticsolar.energy","2022","","","","3685","$1 mil. - $5 mil.","104","Employees.100to249","1629","162","16;162;1629","237130","23713","23;237;2371;23713;237130","Construction","Civil Engineering Construction","Construction","Civil Engineering Construction","construction","construction.civil","13850580","https://app.zoominfo.com/#/apps/profile/company/1311286685","http://www.linkedin.com/company/kinetic-solar","","","Private","","No","","0","0","","","","","800 Kings Hwy N","Cherry Hill","New Jersey","08034","United States","800 Kings Hwy N, Cherry Hill, New Jersey, 08034, United States","1","","","","","","","instantexportexcel1714527043682"
"1284751173","EDGEWATER PARK Solar Panels","","","(484) 938-6006","","","385","Under $500,000","5","Employees.5to9","1629","162","16;162;1629","237130","23713","23;237;2371;23713;237130","Construction","Civil Engineering Construction","Construction","Civil Engineering Construction","construction","construction.civil","","https://app.zoominfo.com/#/apps/profile/company/1284751173","","","","Private","","No","","0","0","","","","","1355 Mt Holly Rd","Edgewater Park","New Jersey","08010","United States","1355 Mt Holly Rd, Edgewater Park, New Jersey, 08010, United States","1","","","","","","","instantexportexcel1714527043682"
"1107994697","Solar Conserve","","","(732) 380-7818","","","275","Under $500,000","4","Employees.1to4","1629","162","16;162;1629","237130","23713","23;237;2371;23713;237130","Construction","Civil Engineering Construction","Construction","Civil Engineering Construction","construction","construction.civil","","https://app.zoominfo.com/#/apps/profile/company/1107994697","","","","Private","","No","","0","0","","","","","1 Main St Ste 318","Eatontown","New Jersey","07724","United States","1 Main St Ste 318, Eatontown, New Jersey, 07724, United States","1","","","","","","","instantexportexcel1714527043682"
"1264888880","New Jersey Solar Power Consulting","www.newjerseysolarpowerconsulting.com","2008","","","","3363","$1 mil. - $5 mil.","11","Employees.10to19","1629","162","16;162;1629","541618","237130","23;237;2371;23713;237130;54;541;5416;54161;541618","Construction","Civil Engineering Construction","Construction","Civil Engineering Construction","construction","construction.civil","","https://app.zoominfo.com/#/apps/profile/company/1264888880","http://www.linkedin.com/company/new-jersey-solar-consulting","","","Private","","No","","0","0","","","","","234 N Martine Ave","Fanwood","New Jersey","07023","United States","234 N Martine Ave, Fanwood, New Jersey, 07023, United States","1","","","","","","","instantexportexcel1714527043682"
"367254322","Affinity Solar","www.affinitysolar.com","","(732) 813-3536","","","1433","$1 mil. - $5 mil.","4","Employees.1to4","1629","162","16;162;1629","237130","23713","23;237;2371;23713;237130","Construction","Civil Engineering Construction","Construction","Civil Engineering Construction","construction","construction.civil","","https://app.zoominfo.com/#/apps/profile/company/367254322","http://www.linkedin.com/company/affinity-solar","http://www.facebook.com/affinitysolar","","Private","","Yes","September 05, 2021","0","0","","","","","100 Craig Rd Ste 220","Manalapan","New Jersey","07726","United States","100 Craig Rd Ste 220, Manalapan, New Jersey, 07726, United States","1","","","","","","","instantexportexcel1714527043682"
"542209829","Best Solar Advice","www.bestsolaradvice.com","","","","","2510","$1 mil. - $5 mil.","9","Employees.5to9","1629","162","16;162;1629","237130","23713","23;237;2371;23713;237130","Construction","Civil Engineering Construction","Construction","Civil Engineering Construction","construction","construction.civil","","https://app.zoominfo.com/#/apps/profile/company/542209829","","","","Private","","Yes","March 23, 2021","0","0","","","","","100 Springdale Rd. A3 253","Cherry Hill","New Jersey","08003","United States","100 Springdale Rd. A3 253, Cherry Hill, New Jersey, 08003, United States","1","","","","","","","instantexportexcel1714527043682"
"52953400","Solar Living","www.capturethesun.com","1977","(973) 691-8483","","","1061","$1 mil. - $5 mil.","5","Employees.5to9","3433","343","34;343;3433","333414","33341","33;333;3334;33341;333414","Manufacturing","Building Materials","Manufacturing","Building Materials","mfg","mfg.building","","https://app.zoominfo.com/#/apps/profile/company/52953400","","http://www.facebook.com/solarlivinginc","http://www.twitter.com/solarlivinginc","Private","","Yes","December 09, 2021","0","0","","","","","PO Box 1174","Fair Lawn","New Jersey","07410","United States","PO Box 1174, Fair Lawn, New Jersey, 07410, United States","","","","","","","","instantexportexcel1714527043682"
"412272765","Great Railing","www.greatrailing.com","1983","(856) 875-0050","(856) 875-0050","","4424","$1 mil. - $5 mil.","21","Employees.20to49","3446","344","34;344;3446","332323","33232","33;332;3323;33232;332323","Manufacturing","Building Materials","Manufacturing","Building Materials","mfg","mfg.building","4170078","https://app.zoominfo.com/#/apps/profile/company/412272765","http://www.linkedin.com/company/great-railing","http://www.facebook.com/greatrailing","http://www.twitter.com/greatrailing","Private","B2B","Yes","April 02, 2021","0","0","","","","","1086 N Black Horse Pike","Williamstown","New Jersey","08094","United States","1086 N Black Horse Pike, Williamstown, New Jersey, 08094, United States","1","","","","","","","instantexportexcel1714527043682"
"539538020","Sea Bright Solar","www.solarpanelsoceantownship.com","","(732) 719-7780","","","1908","$1 mil. - $5 mil.","8","Employees.5to9","1629","162","16;162;1629","237130","23713","23;237;2371;23713;237130","Construction","Civil Engineering Construction","Construction","Civil Engineering Construction","construction","construction.civil","","https://app.zoominfo.com/#/apps/profile/company/539538020","","","","Private","B2B","No","","0","0","","","","","Blog Sea Bright Solar","Asbury Park","New Jersey","07712","United States","Blog Sea Bright Solar, Asbury Park, New Jersey, 07712, United States","","","","","","","","instantexportexcel1714527043682"
"556412933","Solar Intermodal","www.solarintermodal.com","2021","(973) 795-1315","","","1268","$1 mil. - $5 mil.","5","Employees.5to9","3433","343","34;343;3433","333414","33341","33;333;3334;33341;333414","Energy, Utilities & Waste","Electricity, Oil & Gas","Energy, Utilities & Waste;Manufacturing","Electricity, Oil & Gas;Building Materials","energy","energy.energy","","https://app.zoominfo.com/#/apps/profile/company/556412933","http://www.linkedin.com/company/solar-intermodal-corporation","","","Private","","Yes","November 23, 2023","0","0","","","","","101 Eisenhower Pkwy Ste 300","Roseland","New Jersey","07068","United States","101 Eisenhower Pkwy Ste 300, Roseland, New Jersey, 07068, United States","2","","","","","","","instantexportexcel1714527043682"
"355617109","Solar Rig Technologies","www.solarrigtech.com","2011","(888) 557-5951","","","1478","$1 mil. - $5 mil.","4","Employees.1to4","1623","162","16;162;1623","237130","23713","23;237;2371;23713;237130","Telecommunications","","Telecommunications;Construction","Civil Engineering Construction","telecom","","","https://app.zoominfo.com/#/apps/profile/company/355617109","http://www.linkedin.com/company/solar-rig-technologies-m2m-solar","","","Private","B2B","Yes","December 21, 2022","0","0","","","","","651 Garden St","Carlstadt","New Jersey","07072","United States","651 Garden St, Carlstadt, New Jersey, 07072, United States","1","","","","","","","instantexportexcel1714527043682"
"1261642379","Sunbound Solar","www.sunboundsolar.com","1987","(844) 438-0293","","","2926","$1 mil. - $5 mil.","37","Employees.20to49","4911","491","49;491;4911","221114","22111","22;221;2211;22111;221114","Energy, Utilities & Waste","Electricity, Oil & Gas","Energy, Utilities & Waste","Electricity, Oil & Gas","energy","energy.energy","20479727","https://app.zoominfo.com/#/apps/profile/company/1261642379","http://www.linkedin.com/company/sunboundsolar","http://www.facebook.com/sunboundsolar","","Private","B2B","No","","0","0","","","","","4 Campus Dr Ste 102","Parsippany","New Jersey","07054","United States","4 Campus Dr Ste 102, Parsippany, New Jersey, 07054, United States","3","","","","","","","instantexportexcel1714527043682"
"39668499","InSync Solar","www.insyncsolar.com","1992","(845) 290-6370","","","858","$500,000 - $1 mil.","5","Employees.5to9","7336","733","73;733;7336","541430","337920","54;541;5414;54143;541430;33;337;3379;33792;337920","Business Services","Multimedia & Graphic Design","Business Services","Multimedia & Graphic Design","bizservice","bizservice.design","17420848","https://app.zoominfo.com/#/apps/profile/company/39668499","http://www.linkedin.com/company/decorating-with-fabric","http://www.facebook.com/decorating-with-fabric-by-insync-solar-1450536571936400","","Private","B2B","Yes","April 17, 2020","0","0","","","","","1 Broadway","Park Ridge","New Jersey","07656","United States","1 Broadway, Park Ridge, New Jersey, 07656, United States","2","","","","","","","instantexportexcel1714527043682"
"359449851","Jodimor Inc","www.jodimor.com","2003","(908) 832-0200","","","865","$500,000 - $1 mil.","10","Employees.10to19","5719","5251","52;525;5251;57;571;5719;56;53","449122","442291","44;449;4491;44912;449122;442;4422;44229;442291","Retail","Home Improvement & Hardware Retail","Retail","Home Improvement & Hardware Retail","retail","retail.hardware","13519848","https://app.zoominfo.com/#/apps/profile/company/359449851","http://www.linkedin.com/company/jodimor-inc","http://www.facebook.com/jodimor-inc-135159249902832","","Private","B2C","Yes","June 15, 2022","0","0","","","","","405a Us 22 Whitehouse Station","Readington","New Jersey","08870","United States","405a Us 22 Whitehouse Station, Readington, New Jersey, 08870, United States","3","","","","","","","instantexportexcel1714527043682"
"473476127","Solar Pest Solutions","www.solarpestsolution.com","2016","(908) 399-2477","","","789","$500,000 - $1 mil.","6","Employees.5to9","7342","734","73;734;7342","561710","56171","56;561;5617;56171;561710","Business Services","","Business Services;Consumer Services","Landscape Services","bizservice","","","https://app.zoominfo.com/#/apps/profile/company/473476127","","http://www.facebook.com/solarpestsolutions","","Private","","No","","20","20","Debt","January 21, 2021","PPP","PPP","4 Hilltop Rd","Milford","New Jersey","08848","United States","4 Hilltop Rd, Milford, New Jersey, 08848, United States","2","","","","","","","instantexportexcel1714527043682"
"438302622","World Solar Solution","www.worldsolarsolution.com","2008","(888) 270-3861","","","2943","$1 mil. - $5 mil.","15","Employees.10to19","1629","162","16;162;1629","237130","23713","23;237;2371;23713;237130","Construction","Civil Engineering Construction","Construction;Energy, Utilities & Waste;Manufacturing","Civil Engineering Construction;Chemicals & Related Products;Electricity, Oil & Gas","construction","construction.civil","","https://app.zoominfo.com/#/apps/profile/company/438302622","","http://www.facebook.com/worldsolarsolution","http://www.twitter.com/worldsolarsolu","Private","","Yes","February 03, 2020","0","0","","","","","4 Crossroads Dr Ste 116","Hamilton","New Jersey","08691","United States","4 Crossroads Dr Ste 116, Hamilton, New Jersey, 08691, United States","5","","","","","","","instantexportexcel1714527043682"
"348030995","Ninsa","www.ninsallc.com","2003","(609) 561-7103","","","4497","$1 mil. - $5 mil.","16","Employees.10to19","1799","179","17;179;1799","238990","23899","23;238;2389;23899;238990","Construction","Commercial & Residential Construction","Construction","Commercial & Residential Construction","construction","construction.construction","","https://app.zoominfo.com/#/apps/profile/company/348030995","http://www.linkedin.com/company/ninsa-llc","","","Private","","Yes","May 06, 2022","934","584","Debt","February 10, 2021","PPP","PPP;PPP","125 Lincoln St","Hammonton","New Jersey","08037","United States","125 Lincoln St, Hammonton, New Jersey, 08037, United States","2","","","","","","","instantexportexcel1714527043682"
"483528017","JEC Solar","jec.solar","2016","(973) 809-6693","","","4520","$1 mil. - $5 mil.","19","Employees.10to19","1629","162","16;162;1629","237130","23713","23;237;2371;23713;237130","Construction","Civil Engineering Construction","Construction","Civil Engineering Construction","construction","construction.civil","","https://app.zoominfo.com/#/apps/profile/company/483528017","","http://www.facebook.com/jecsolarco","","Private","","Yes","July 07, 2020","0","0","","","","","22201 Ringwood Dr","Wharton","New Jersey","07885","United States","22201 Ringwood Dr, Wharton, New Jersey, 07885, United States","2","","","","","","","instantexportexcel1714527043682"
"1111320186","Liter of Light Usa","www.literoflightusa.org","2013","(833) 557-6527","","","1344","$1 mil. - $5 mil.","7","Employees.5to9","50","","50","335139","335129","33;335;3351;33513;335139;33512;335129","Manufacturing","Household Goods","Manufacturing","Household Goods","mfg","mfg.household","4856044","https://app.zoominfo.com/#/apps/profile/company/1111320186","http://www.linkedin.com/company/literoflightusa","http://www.facebook.com/literoflightusa","http://www.twitter.com/literoflightusa","Private","","No","","0","0","","","","","130 W Pleasant Ave","Maywood","New Jersey","07607","United States","130 W Pleasant Ave, Maywood, New Jersey, 07607, United States","1","","","","","","","instantexportexcel1714527043682"
"347155219","Solar Electric Panels","www.solarelectricpanels.com","","(201) 484-8929","","","3055","$1 mil. - $5 mil.","20","Employees.20to49","3433","343","34;343;3433","333414","33341","33;333;3334;33341;333414","Manufacturing","Building Materials","Manufacturing;Organizations","Building Materials;Non-Profit & Charitable Organizations","mfg","mfg.building","","https://app.zoominfo.com/#/apps/profile/company/347155219","","","","Private","","No","","0","0","","","","","1200 Us Hwy 22 Ste 2000","Bridgewater","New Jersey","08807","United States","1200 Us Hwy 22 Ste 2000, Bridgewater, New Jersey, 08807, United States","1","","","","","","","instantexportexcel1714527043682"
"549442876","All Quality Solar Systems","www.allqualitysolar.com","","(609) 368-8219","","","965","$500,000 - $1 mil.","7","Employees.5to9","3433","343","34;343;3433","333414","33341","33;333;3334;33341;333414","Manufacturing","Building Materials","Manufacturing","Building Materials","mfg","mfg.building","","https://app.zoominfo.com/#/apps/profile/company/549442876","http://www.linkedin.com/company/all-quality-solar-systems","http://www.facebook.com/allqualitysolar","","Private","B2B","No","","0","0","","","","","PO Box 31","Stone Harbor","New Jersey","08247","United States","PO Box 31, Stone Harbor, New Jersey, 08247, United States","","","","","","","","instantexportexcel1714527043682"
"374929078","Settembrino Architects","www.settembrino.com","2011","(732) 741-4900","(732) 741-4977","","1187","$1 mil. - $5 mil.","10","Employees.10to19","8712","871","87;871;8712","541310","54131","54;541;5413;54131;541310","Construction","Architecture, Engineering & Design","Construction","Architecture, Engineering & Design","construction","construction.architecture","","https://app.zoominfo.com/#/apps/profile/company/374929078","http://www.linkedin.com/company/hubbard-associates-llc-d-b-a-settembrino-architects","http://www.facebook.com/settembrinoarchitects","","Private","B2B","Yes","August 09, 2022","0","0","","","","","37 E Washington Ave","Atlantic Highlands","New Jersey","07716","United States","37 E Washington Ave, Atlantic Highlands, New Jersey, 07716, United States","3","","","","","","","instantexportexcel1714527043682"
"566152629","Suntuity Renewables","www.suntuityrenewables.com","2008","(855) 525-1042","","","3938","$1 mil. - $5 mil.","18","Employees.10to19","4911","491","49;491;4911","221118","22111","22;221;2211;22111;221118","Energy, Utilities & Waste","Electricity, Oil & Gas","Energy, Utilities & Waste","Electricity, Oil & Gas","energy","energy.energy","4610339","https://app.zoominfo.com/#/apps/profile/company/566152629","http://www.linkedin.com/company/suntuity","http://www.facebook.com/suntuity","http://www.twitter.com/suntuity","Private","B2B","Yes","May 22, 2023","0","0","","","","","2137 Nj-35","Holmdel","New Jersey","07733","United States","2137 Nj-35, Holmdel, New Jersey, 07733, United States","1","","","","","","","instantexportexcel1714527043682"
"358563373","Rennergy","www.rennergyllc.com","2005","(973) 824-7804","(973) 500-6041","","4294","$1 mil. - $5 mil.","16","Employees.10to19","1731","173","17;173;1731","238210","23821","23;238;2382;23821;238210","Construction","Commercial & Residential Construction","Construction;Energy, Utilities & Waste","Commercial & Residential Construction;Electricity, Oil & Gas","construction","construction.construction","","https://app.zoominfo.com/#/apps/profile/company/358563373","http://www.linkedin.com/company/rennergy-llc","http://www.facebook.com/rennergyllc","http://www.twitter.com/renergycapital","Private","B2B","Yes","July 19, 2021","10","10","Debt","January 26, 2021","PPP","PPP","105 Lock St Ste 215","Newark","New Jersey","07103","United States","105 Lock St Ste 215, Newark, New Jersey, 07103, United States","1","","","","","","","instantexportexcel1714527043682"
"346641013","George J Keller & Sons","www.gjkeller.com","1980","(973) 927-0963","","","2779","$1 mil. - $5 mil.","15","Employees.10to19","1761","176","17;176;1761","238170","23817","23;238;2381;23817;238170","Construction","Commercial & Residential Construction","Construction","Commercial & Residential Construction","construction","construction.construction","3430464","https://app.zoominfo.com/#/apps/profile/company/346641013","http://www.linkedin.com/company/george-j-keller-&-sons","http://www.facebook.com/kellerandsons","","Private","B2B","Yes","January 31, 2023","150","150","Debt","April 09, 2020","PPP","PPP","5 Laurel Dr Unit 14","Flanders","New Jersey","07836","United States","5 Laurel Dr Unit 14, Flanders, New Jersey, 07836, United States","1","","","","","","","instantexportexcel1714527043682"
"498145254","Delval Solar","www.delvalsolar.com","","(267) 414-3648","","","3609","$1 mil. - $5 mil.","18","Employees.10to19","1629","162","16;162;1629","237130","23713","23;237;2371;23713;237130","Construction","Civil Engineering Construction","Construction","Civil Engineering Construction","construction","construction.civil","","https://app.zoominfo.com/#/apps/profile/company/498145254","","http://www.facebook.com/delval-solar-2374197425979509","","Private","","No","","0","0","","","","","700 Rte 130 N Ste 108","Riverton","New Jersey","08077","United States","700 Rte 130 N Ste 108, Riverton, New Jersey, 08077, United States","1","","","","","","","instantexportexcel1714527043682"
"472024243","Cophec Solar","www.cophecsolar.com","","(732) 887-5535","","","1424","$1 mil. - $5 mil.","7","Employees.5to9","4911","491","49;491;4911","221114","22111","22;221;2211;22111;221114","Energy, Utilities & Waste","Electricity, Oil & Gas","Energy, Utilities & Waste","Electricity, Oil & Gas","energy","energy.energy","","https://app.zoominfo.com/#/apps/profile/company/472024243","","","","Private","B2C","Yes","July 31, 2020","0","0","","","","","253 Main St 211","Matawan","New Jersey","07747","United States","253 Main St 211, Matawan, New Jersey, 07747, United States","1","","","","","","","instantexportexcel1714527043682"
"1118648867","Arosa Solar Energy Systems","www.arosasolarenergy.com","","(866) 276-7222","","","2635","$1 mil. - $5 mil.","9","Employees.5to9","1629","162","16;162;1629","237130","23713","23;237;2371;23713;237130","Construction","Civil Engineering Construction","Construction","Civil Engineering Construction","construction","construction.civil","","https://app.zoominfo.com/#/apps/profile/company/1118648867","http://www.linkedin.com/company/arosa-energy","http://www.facebook.com/arosaenergy","http://www.twitter.com/arosaenergy","Private","","No","","0","0","","","","","1309 Ridge Ave","Lakewood","New Jersey","08701","United States","1309 Ridge Ave, Lakewood, New Jersey, 08701, United States","1","","","","","","","instantexportexcel1714527043682"
"343367507","Excellent Window Tinting","www.excellentwindowtinting.com","2009","(732) 410-5728","","","1128","$1 mil. - $5 mil.","6","Employees.5to9","1799","179","17;179;1799","238150","23815","23;238;2381;23815;238150","Construction","Commercial & Residential Construction","Construction","Commercial & Residential Construction","construction","construction.construction","","https://app.zoominfo.com/#/apps/profile/company/343367507","","http://www.facebook.com/excellentwindowtinting","","Private","B2C","Yes","January 06, 2020","0","0","","","","","174 Nassau St 323","Princeton","New Jersey","08542","United States","174 Nassau St 323, Princeton, New Jersey, 08542, United States","2","","","","","","","instantexportexcel1714527043682"
"358667806","Shore Green Energy","www.shoregreenenergy.com","","(609) 365-8744","","","1456","$1 mil. - $5 mil.","6","Employees.5to9","1629","162","16;162;1629","237130","23713","23;237;2371;23713;237130","Construction","Civil Engineering Construction","Construction","Civil Engineering Construction","construction","construction.civil","","https://app.zoominfo.com/#/apps/profile/company/358667806","","http://www.facebook.com/shore-green-energy-129737237770","","Private","","No","","0","0","","","","","104 Shore Rd","Linwood","New Jersey","08221","United States","104 Shore Rd, Linwood, New Jersey, 08221, United States","1","","","","","","","instantexportexcel1714527043682"
"368242778","Schwerd Consulting","www.schwerdconsulting.com","2014","(215) 219-6718","","","1166","$1 mil. - $5 mil.","5","Employees.5to9","8748","874","87;874;8748","541618","54161","54;541;5416;54161;541618","Business Services","Facilities Management & Commercial Cleaning","Business Services","Facilities Management & Commercial Cleaning;Management Consulting","bizservice","bizservice.janitor","","https://app.zoominfo.com/#/apps/profile/company/368242778","http://www.linkedin.com/company/schwerd-consulting","http://www.facebook.com/schwerd-consulting-744150758955130","http://www.twitter.com/schwerdsolar","Private","","Yes","August 21, 2019","0","0","","","","","138 Pleasant Knoll Way","Freehold","New Jersey","07728","United States","138 Pleasant Knoll Way, Freehold, New Jersey, 07728, United States","1","","","","","","","instantexportexcel1714527043682"
"355346013","Cynergy Group East","www.cynergygroupeast.com","2007","(856) 264-5457","","","2369","$1 mil. - $5 mil.","10","Employees.10to19","8711","871","87;871;8711","541330","54133","54;541;5413;54133;541330","Construction","Architecture, Engineering & Design","Construction;Energy, Utilities & Waste","Architecture, Engineering & Design;Electricity, Oil & Gas","construction","construction.architecture","","https://app.zoominfo.com/#/apps/profile/company/355346013","","","","Private","","No","","0","0","","","","","947 Us Rte 40","Woodstown","New Jersey","08098","United States","947 Us Rte 40, Woodstown, New Jersey, 08098, United States","1","","","","","","","instantexportexcel1714527043682"
"346945996","Green Sun Energy Services","www.greensunnj.com","2010","(732) 410-7818","","","3920","$1 mil. - $5 mil.","5","Employees.5to9","1629","162","16;162;1629","237130","23713","23;237;2371;23713;237130","Energy, Utilities & Waste","","Energy, Utilities & Waste;Construction","Civil Engineering Construction","energy","","7038148","https://app.zoominfo.com/#/apps/profile/company/346945996","http://www.linkedin.com/company/green-sun-energy-services-llc","http://www.facebook.com/greensunnj","http://www.twitter.com/greensunnj","Private","B2B","Yes","September 20, 2022","0","0","","","","","PO Box 4314","Middletown","New Jersey","07748","United States","PO Box 4314, Middletown, New Jersey, 07748, United States","1","","","","","","","instantexportexcel1714527043682"
"538272988","RU Solar","www.rusolarcar.com","2018","(732) 474-8170","","","2518","$1 mil. - $5 mil.","13","Employees.10to19","1629","162","16;162;1629","237130","23713","23;237;2371;23713;237130","Construction","Civil Engineering Construction","Construction","Civil Engineering Construction","construction","construction.civil","9691253","https://app.zoominfo.com/#/apps/profile/company/538272988","http://www.linkedin.com/company/rusolarcarteam","http://www.facebook.com/rusolarcarteam","http://www.twitter.com/rusolarcarteam","Private","","No","","0","0","","","","","For Packaging Engineering Bevier Rd","Piscataway","New Jersey","08854","United States","For Packaging Engineering Bevier Rd, Piscataway, New Jersey, 08854, United States","1","","","","","","","instantexportexcel1714527043682"
"1308286344","GlobeWater & Solar","www.globewatersolar.com","2015","","","","3385","$1 mil. - $5 mil.","3","Employees.1to4","7221","722","72;722;7221","541921","54192","54;541;5419;54192;541921","Consumer Services","Photography Studio","Consumer Services","Photography Studio","consumerservices","consumerservices.photo","","https://app.zoominfo.com/#/apps/profile/company/1308286344","http://www.linkedin.com/company/globewater-solar","http://www.facebook.com/globewatersolar","http://www.twitter.com/globewatersolar","Private","B2C","No","","0","0","","","","","330 Carter Rd","Princeton","New Jersey","08540","United States","330 Carter Rd, Princeton, New Jersey, 08540, United States","1","","","","","","","instantexportexcel1714527043682"
"1149941869","Solar Nail Salon","","","(856) 256-1245","","","112","Under $500,000","3","Employees.1to4","7231","723","72;723;7231","812113","81211","81;812;8121;81211;812113","Consumer Services","Barber Shops & Beauty Salons","Consumer Services","Barber Shops & Beauty Salons","consumerservices","consumerservices.hairsalon","","https://app.zoominfo.com/#/apps/profile/company/1149941869","","","","Private","B2C","No","","0","0","","","","","259 Fish Pond Rd","Sewell","New Jersey","08080","United States","259 Fish Pond Rd, Sewell, New Jersey, 08080, United States","1","","","","","","","instantexportexcel1714527043682"
"1174194661","Precision Solar Films","","","","","","704","$500,000 - $1 mil.","2","Employees.1to4","7819","781","78;781;7819","512199","51219","51;512;5121;51219;512199","Media & Internet","Broadcasting","Media & Internet","Broadcasting","media","media.broadcasting","","https://app.zoominfo.com/#/apps/profile/company/1174194661","","","","Private","","No","","0","0","","","","","6312 Kennedy Blvd W","West New York","New Jersey","07093","United States","6312 Kennedy Blvd W, West New York, New Jersey, 07093, United States","1","","","","","","","instantexportexcel1714527043682"
"1106412629","Go Solar Stop","","","(732) 784-2800","","","432","Under $500,000","7","Employees.5to9","1629","162","16;162;1629","237130","23713","23;237;2371;23713;237130","Construction","Civil Engineering Construction","Construction","Civil Engineering Construction","construction","construction.civil","","https://app.zoominfo.com/#/apps/profile/company/1106412629","","","","Private","","No","","0","0","","","","","331 Newman Springs Rd Ste 143","Red Bank","New Jersey","07701","United States","331 Newman Springs Rd Ste 143, Red Bank, New Jersey, 07701, United States","1","","","","","","","instantexportexcel1714527043682"
"1307604446","Leco Solar","www.lecosolar.com","","(201) 343-3330","","","3644","$1 mil. - $5 mil.","15","Employees.10to19","1629","162","16;162;1629","237130","23713","23;237;2371;23713;237130","Construction","Civil Engineering Construction","Construction","Civil Engineering Construction","construction","construction.civil","","https://app.zoominfo.com/#/apps/profile/company/1307604446","","","","Private","","No","","0","0","","","","","130 Gamewell St","Hackensack","New Jersey","07601","United States","130 Gamewell St, Hackensack, New Jersey, 07601, United States","1","","","","","","","instantexportexcel1714527043682"
"1107316259","Solar Windows","","","(201) 617-0752","","","215","Under $500,000","4","Employees.1to4","5031","503","50;503;5031","423310","42331","42;423;4233;42331;423310","Retail","Home Improvement & Hardware Retail","Retail","Home Improvement & Hardware Retail","retail","retail.hardware","","https://app.zoominfo.com/#/apps/profile/company/1107316259","http://www.linkedin.com/company/solar-windows-inc","http://www.facebook.com/solarwindowsinc1994","","Private","B2B","No","","0","0","","","","","511 25th St","Union City","New Jersey","07087","United States","511 25th St, Union City, New Jersey, 07087, United States","1","","","","","","","instantexportexcel1714527043682"
"1234766500","Eferon Solar Solutions","www.eferonsolar.com","","","(201) 963-4739","","3155","$1 mil. - $5 mil.","15","Employees.10to19","1629","162","16;162;1629","237130","23713","23;237;2371;23713;237130","Construction","Civil Engineering Construction","Construction","Civil Engineering Construction","construction","construction.civil","15217728","https://app.zoominfo.com/#/apps/profile/company/1234766500","","","","Private","","No","","0","0","","","","","910 Bergen Ave Ste 201","Jersey City","New Jersey","07306","United States","910 Bergen Ave Ste 201, Jersey City, New Jersey, 07306, United States","1","","","","","","","instantexportexcel1714527043682"
"1326707167","Solar Power Shield","www.solarpowershield.com","","","","","3457","$1 mil. - $5 mil.","17","Employees.10to19","1629","162","16;162;1629","237130","23713","23;237;2371;23713;237130","Construction","Civil Engineering Construction","Construction","Civil Engineering Construction","construction","construction.civil","","https://app.zoominfo.com/#/apps/profile/company/1326707167","","","","Private","","No","","0","0","","","","","1 Eves Dr Ste 111","Marlton","New Jersey","08053","United States","1 Eves Dr Ste 111, Marlton, New Jersey, 08053, United States","1","","","","","","","instantexportexcel1714527043682"
"1254429676","Grnstone Solar Energy","","","(201) 389-6421","","","1267","$1 mil. - $5 mil.","6","Employees.5to9","4911","491","49;491;4911","221118","22111","22;221;2211;22111;221118","Energy, Utilities & Waste","Electricity, Oil & Gas","Energy, Utilities & Waste","Electricity, Oil & Gas","energy","energy.energy","","https://app.zoominfo.com/#/apps/profile/company/1254429676","","","","Private","","No","","0","0","","","","","146 Kenilworth Rd","Ridgewood","New Jersey","07450","United States","146 Kenilworth Rd, Ridgewood, New Jersey, 07450, United States","1","","","","","","","instantexportexcel1714527043682"
"1313450287","Gp Solar","www.gpsolar.in","","","","","2393","$1 mil. - $5 mil.","42","Employees.20to49","1629","162","16;162;1629","237130","23713","23;237;2371;23713;237130","Construction","Civil Engineering Construction","Construction","Civil Engineering Construction","construction","construction.civil","","https://app.zoominfo.com/#/apps/profile/company/1313450287","","","","Private","","No","","0","0","","","","","1002 Albert Way","Princeton","New Jersey","08540","United States","1002 Albert Way, Princeton, New Jersey, 08540, United States","1","","","","","","","instantexportexcel1714527043682"
"346284372","OnPeak Solar","www.onpeaksolar.com","","(856) 468-2355","","","1144","$1 mil. - $5 mil.","3","Employees.1to4","1623","162","16;162;1623","237130","23713","23;237;2371;23713;237130","Construction","Civil Engineering Construction","Construction;Energy, Utilities & Waste","Civil Engineering Construction;Electricity, Oil & Gas","construction","construction.civil","","https://app.zoominfo.com/#/apps/profile/company/346284372","","","","Private","B2B","No","","0","0","","","","","141 Center St Unit 35","Sewell","New Jersey","08080","United States","141 Center St Unit 35, Sewell, New Jersey, 08080, United States","1","","","","","","","instantexportexcel1714527043682"
"1323308712","Omniya Solar","www.omniyasolar.com","2022","(800) 755-4127","","","3237","$1 mil. - $5 mil.","15","Employees.10to19","1629","162","16;162;1629","237130","23713","23;237;2371;23713;237130","Construction","Civil Engineering Construction","Construction","Civil Engineering Construction","construction","construction.civil","7207760","https://app.zoominfo.com/#/apps/profile/company/1323308712","http://www.linkedin.com/company/omniyasolar","http://www.facebook.com/100087825455458","","Private","B2B","Yes","July 24, 2023","0","0","","","","","200 Grove Rd Ste C","Paulsboro","New Jersey","08066","United States","200 Grove Rd Ste C, Paulsboro, New Jersey, 08066, United States","1","","","","","","","instantexportexcel1714527043682"
"395715705","Atlantic Solar Film","www.atlanticsolarfilm.com","2012","(732) 410-5728","","","3640","$1 mil. - $5 mil.","17","Employees.10to19","1793","179","17;179;1793;15;16","238150","23815","23;238;2381;23815;238150","Construction","Commercial & Residential Construction","Construction","Commercial & Residential Construction","construction","construction.construction","","https://app.zoominfo.com/#/apps/profile/company/395715705","http://www.linkedin.com/company/atlantic-solar-film","http://www.facebook.com/atlantic-flooring-window-tinting-379446392151751","","Private","B2C","No","","0","0","","","","","284 Old Deal Rd","Eatontown","New Jersey","07724","United States","284 Old Deal Rd, Eatontown, New Jersey, 07724, United States","1","","","","","","","instantexportexcel1714527043682"
"351748713","Helios Solar Energy","www.heliosnj.com","2015","(908) 526-0081","","","1403","$1 mil. - $5 mil.","8","Employees.5to9","1623","162","16;162;1623","237130","23713","23;237;2371;23713;237130","Construction","Civil Engineering Construction","Construction","Civil Engineering Construction","construction","construction.civil","","https://app.zoominfo.com/#/apps/profile/company/351748713","http://www.linkedin.com/company/helios-solar-energy","http://www.facebook.com/heliossolarenergyllc","","Private","B2B","Yes","February 27, 2024","83","83","Debt","January 22, 2021","PPP","PPP","150 W End Ave Ste UL2","Somerville","New Jersey","08876","United States","150 W End Ave Ste UL2, Somerville, New Jersey, 08876, United States","2","","","","","","","instantexportexcel1714527043682"
"1277829183","Triton Solar","www.tritonev.co","2004","(856) 335-3299","","","2209","$1 mil. - $5 mil.","361","Employees.250to499","1629","162","16;162;1629","237130","23713","23;237;2371;23713;237130","Construction","Civil Engineering Construction","Construction","Civil Engineering Construction","construction","construction.civil","11311554","https://app.zoominfo.com/#/apps/profile/company/1277829183","http://www.linkedin.com/company/triton-electric-vehicle-llc","","","Private","","No","","0","0","","","","","1937 Olney Ave","Cherry Hill","New Jersey","08003","United States","1937 Olney Ave, Cherry Hill, New Jersey, 08003, United States","1","","","","","","","instantexportexcel1714527043682"
"510481770","Fusion Solar Energy","www.fusionsolarenergy.org","","(201) 416-5005","","","1278","$1 mil. - $5 mil.","6","Employees.5to9","1629","162","16;162;1629","237130","23713","23;237;2371;23713;237130","Construction","Civil Engineering Construction","Construction","Civil Engineering Construction","construction","construction.civil","","https://app.zoominfo.com/#/apps/profile/company/510481770","","http://www.facebook.com/fusion-solar-energy-1761268633989675","","Private","B2B","No","","10","10","Debt","February 20, 2021","PPP","PPP","1059 King Georges Post Rd","Edison","New Jersey","08837","United States","1059 King Georges Post Rd, Edison, New Jersey, 08837, United States","2","","","","","","","instantexportexcel1714527043682"
"357077145","Paradise Solar & Electrical","www.paradisesolarllc.com","","(609) 801-2420","(609) 801-2560","","1356","$1 mil. - $5 mil.","7","Employees.5to9","1731","173","17;173;1731","238210","23821","23;238;2382;23821;238210","Construction","Commercial & Residential Construction","Construction","Commercial & Residential Construction","construction","construction.construction","","https://app.zoominfo.com/#/apps/profile/company/357077145","http://www.linkedin.com/company/paradise-solar-&-electrical-llc","http://www.facebook.com/paradise-solar-and-electrical-1640251972737964","","Private","B2B","Yes","April 25, 2022","0","0","","","","","2127 Rte 206 Ste D","Vincentown","New Jersey","08088","United States","2127 Rte 206 Ste D, Vincentown, New Jersey, 08088, United States","3","","","","","","","instantexportexcel1714527043682"
"359769865","Bald Eagle Solar Technology","www.baldeaglesolar.com","2003","(609) 209-1168","","","234","Under $500,000","2","Employees.1to4","3433","343","34;343;3433","333414","33341","33;333;3334;33341;333414","Construction","Commercial & Residential Construction","Construction;Manufacturing","Commercial & Residential Construction;Building Materials","construction","construction.construction","","https://app.zoominfo.com/#/apps/profile/company/359769865","","","","Private","","No","","0","0","","","","","6 Ryans Ct","Bordentown","New Jersey","08505","United States","6 Ryans Ct, Bordentown, New Jersey, 08505, United States","1","","","","","","","instantexportexcel1714527043682"
"480757819","Elevated Remodeling","www.elevatedremodeling.net","2019","(609) 543-9190","","","289","Under $500,000","15","Employees.10to19","6541","654","65;654;6541","541191","54119","54;541;5411;54119;541191","Real Estate","","Real Estate","","realestate","","","https://app.zoominfo.com/#/apps/profile/company/480757819","http://www.linkedin.com/company/elevated-remodeling","http://www.facebook.com/elevatedremodingllc","","Private","B2B","Yes","March 22, 2022","0","0","","","","","285 N Broadway","Pennsville","New Jersey","08070","United States","285 N Broadway, Pennsville, New Jersey, 08070, United States","2","","","","","","","instantexportexcel1714527043682"
"347646586","Sun Source Energy Products","www.sunsourceproducts.com","","(973) 691-6911","","","4083","$1 mil. - $5 mil.","13","Employees.10to19","5074","507","50;507;5074","423720","42372","42;423;4237;42372;423720","Energy, Utilities & Waste","Electricity, Oil & Gas","Energy, Utilities & Waste;Retail","Electricity, Oil & Gas;Home Improvement & Hardware Retail","energy","energy.energy","4910564","https://app.zoominfo.com/#/apps/profile/company/347646586","http://www.linkedin.com/company/sun-source-energy-products-inc","http://www.facebook.com/sunsourceenergyproducts","","Private","B2C","Yes","June 20, 2020","0","0","","","","","432 Sand Shore Rd Ste 5","Hackettstown","New Jersey","07840","United States","432 Sand Shore Rd Ste 5, Hackettstown, New Jersey, 07840, United States","1","","","","","","","instantexportexcel1714527043682"
"359355913","Fortified Roofing","www.fortifiedroofing.com","2001","(856) 310-0001","(732) 256-9740","","1364","$1 mil. - $5 mil.","9","Employees.5to9","1761","176","17;176;1761","238160","23816","23;238;2381;23816;238160","Construction","Commercial & Residential Construction","Construction","Commercial & Residential Construction","construction","construction.construction","17685185","https://app.zoominfo.com/#/apps/profile/company/359355913","http://www.linkedin.com/company/fortified-roofing","http://www.facebook.com/fortified-roofing-331683463561056","http://www.twitter.com/fortifiedroof","Private","B2B","Yes","November 03, 2021","0","0","","","","","1814 Marlton Pike E","Cherry Hill","New Jersey","08003","United States","1814 Marlton Pike E, Cherry Hill, New Jersey, 08003, United States","8","","","","","","","instantexportexcel1714527043682"
"541781844","Window & Solar Cleaning Solution","www.wscsolution.com","","","","","1511","$1 mil. - $5 mil.","3","Employees.1to4","7349","734","73;734;7349","561720","56172","56;561;5617;56172;561720","Consumer Services","","Consumer Services;Business Services","Facilities Management & Commercial Cleaning","consumerservices","","","https://app.zoominfo.com/#/apps/profile/company/541781844","","http://www.facebook.com/wscssolution","","Private","B2C","No","","0","0","","","","","8194 00741","Long Valley","New Jersey","07853","United States","8194 00741, Long Valley, New Jersey, 07853, United States","1","","","","","","","instantexportexcel1714527043682"
"1314086447","Sunbred Solar","sunbredsolarllc.blogspot.com","","(973) 947-4849","","","3705","$1 mil. - $5 mil.","16","Employees.10to19","1629","162","16;162;1629","237130","23713","23;237;2371;23713;237130","Construction","Civil Engineering Construction","Construction","Civil Engineering Construction","construction","construction.civil","","https://app.zoominfo.com/#/apps/profile/company/1314086447","","","","Private","","No","","0","0","","","","","581 E Passaic Ave","Bloomfield","New Jersey","07003","United States","581 E Passaic Ave, Bloomfield, New Jersey, 07003, United States","1","","","","","","","instantexportexcel1714527043682"
"1243081915","Greenlife Solar","","","(973) 948-4786","","","850","$500,000 - $1 mil.","5","Employees.5to9","1629","162","16;162;1629","237130","23713","23;237;2371;23713;237130","Construction","Civil Engineering Construction","Construction","Civil Engineering Construction","construction","construction.civil","","https://app.zoominfo.com/#/apps/profile/company/1243081915","","","","Private","","No","","0","0","","","","","199 Us Hwy 206","Branchville","New Jersey","07826","United States","199 Us Hwy 206, Branchville, New Jersey, 07826, United States","1","","","","","","","instantexportexcel1714527043682"
"359671655","Solar Wholesalers","www.solarwholesalers.net","","","","","595","$500,000 - $1 mil.","4","Employees.1to4","1629","162","16;162;1629","237130","23713","23;237;2371;23713;237130","Construction","Civil Engineering Construction","Construction","Civil Engineering Construction","construction","construction.civil","","https://app.zoominfo.com/#/apps/profile/company/359671655","","http://www.facebook.com/solarwholesalers","","Private","","No","","0","0","","","","","555 Us Hwy 1 S Ste 340","Iselin","New Jersey","08830","United States","555 Us Hwy 1 S Ste 340, Iselin, New Jersey, 08830, United States","1","","","","","","","instantexportexcel1714527043682"
"1309123425","Florida Solar Expert","www.floridasolarexpert.com","","","","","3493","$1 mil. - $5 mil.","11","Employees.10to19","5074","507","50;507;5074","423720","42372","42;423;4237;42372;423720","Retail","Home Improvement & Hardware Retail","Retail","Home Improvement & Hardware Retail","retail","retail.hardware","18801223","https://app.zoominfo.com/#/apps/profile/company/1309123425","","","","Private","B2C","No","","0","0","","","","","17 Mitchell Ave","Chatham","New Jersey","07928","United States","17 Mitchell Ave, Chatham, New Jersey, 07928, United States","1","","","","","","","instantexportexcel1714527043682"
"1334009003","Morristown Solar Power Systems","www.morristownsolarpowersystems.com","","","","","3750","$1 mil. - $5 mil.","26","Employees.20to49","4931","493","49;493;4931","221114","22111","22;221;2211;22111;221114","Energy, Utilities & Waste","Electricity, Oil & Gas","Energy, Utilities & Waste","Electricity, Oil & Gas","energy","energy.energy","","https://app.zoominfo.com/#/apps/profile/company/1334009003","","","","Private","B2C","No","","0","0","","","","","914 Mount Kemble Ave","Morristown","New Jersey","07960","United States","914 Mount Kemble Ave, Morristown, New Jersey, 07960, United States","1","","","","","","","instantexportexcel1714527043682"
"443004395","Sequeira-Fluellen Enterprises","www.sequeira-fluellen.com","2014","(215) 253-4117","","","1145","$1 mil. - $5 mil.","5","Employees.5to9","7389","738","73;738;7389","561499","56149","56;561;5614;56149;561499","Business Services","Information & Document Management","Business Services","Information & Document Management","bizservice","bizservice.datamgmt","","https://app.zoominfo.com/#/apps/profile/company/443004395","http://www.linkedin.com/company/secur-it-e","","","Private","B2B","Yes","November 17, 2021","0","0","","","","","1950 Kings Hwy Unit 612","Swedesboro","New Jersey","08085","United States","1950 Kings Hwy Unit 612, Swedesboro, New Jersey, 08085, United States","1","","","","","","","instantexportexcel1714527043682"
"452574896","Pavement Surface Coatings","www.pavementsurfacecoatings.com","2012","(866) 215-6120","","","1187","$1 mil. - $5 mil.","6","Employees.5to9","1611","161","16;161;1611;17;15","237310","23731","23;237;2373;23731;237310","Construction","Civil Engineering Construction","Construction","Civil Engineering Construction","construction","construction.civil","13233879","https://app.zoominfo.com/#/apps/profile/company/452574896","http://www.linkedin.com/company/pavement-surface-coatings","http://www.facebook.com/pavementsurfacecoatings","","Private","","Yes","April 07, 2022","0","0","","","","","11 Eagle Rock Ave","East Hanover","New Jersey","07936","United States","11 Eagle Rock Ave, East Hanover, New Jersey, 07936, United States","2","","","","","","","instantexportexcel1714527043682"
"376511400","Cost of Solar","www.costofsolar.com","","(855) 596-9567","","","4160","$1 mil. - $5 mil.","18","Employees.10to19","1629","162","86;16;162;1629","237130","23713","23;237;2371;23713;237130","Construction","Civil Engineering Construction","Construction;Organizations","Civil Engineering Construction;Non-Profit & Charitable Organizations","construction","construction.civil","7279149","https://app.zoominfo.com/#/apps/profile/company/376511400","http://www.linkedin.com/company/cost-of-solar","http://www.facebook.com/solarcostsless","http://www.twitter.com/costofsolar","Private","","No","","0","0","","","","","2430 Hwy 34 Ste 202","Manasquan","New Jersey","08736","United States","2430 Hwy 34 Ste 202, Manasquan, New Jersey, 08736, United States","1","","","","","","","instantexportexcel1714527043682"
"411388339","Performance Solar Cleaning","www.performancesolarcleaning.com","2014","(856) 874-6842","","","1130","$1 mil. - $5 mil.","6","Employees.5to9","7349","734","73;734;7349","561790","56179","56;561;5617;56179;561790","Business Services","Facilities Management & Commercial Cleaning","Business Services","Facilities Management & Commercial Cleaning","bizservice","bizservice.janitor","","https://app.zoominfo.com/#/apps/profile/company/411388339","http://www.linkedin.com/company/performance-solar-cleaning","","","Private","","No","","0","0","","","","","PO Box 534","Collingswood","New Jersey","08108","United States","PO Box 534, Collingswood, New Jersey, 08108, United States","1","","","","","","","instantexportexcel1714527043682"
"348150931","Solops","www.solops.com","2010","(609) 920-2009","","","1342","$1 mil. - $5 mil.","7","Employees.5to9","4911","491","49;491;4911","221114","22111","22;221;2211;22111;221114","Finance","","Finance;Energy, Utilities & Waste","Electricity, Oil & Gas","finance","","","https://app.zoominfo.com/#/apps/profile/company/348150931","http://www.linkedin.com/company/solops-llc","","","Private","B2B","Yes","February 27, 2024","0","0","","","","","1800 E State St Ste 134","Hamilton","New Jersey","08609","United States","1800 E State St Ste 134, Hamilton, New Jersey, 08609, United States","3","","","","","","","instantexportexcel1714527043682"
"365415107","Sunfarm Solar","www.sunfarmsolar.com","1999","(201) 651-1100","","","4610","$1 mil. - $5 mil.","19","Employees.10to19","1629","162","16;162;1629","237130","23713","23;237;2371;23713;237130","Energy, Utilities & Waste","Electricity, Oil & Gas","Energy, Utilities & Waste;Construction","Electricity, Oil & Gas;Civil Engineering Construction","energy","energy.energy","","https://app.zoominfo.com/#/apps/profile/company/365415107","http://www.linkedin.com/company/sunfarmsolar","http://www.facebook.com/sunfarmsolarllc","http://www.twitter.com/sunfarm_solar","Private","B2B","Yes","May 19, 2022","0","0","","","","","18 Muller Rd","Oakland","New Jersey","07436","United States","18 Muller Rd, Oakland, New Jersey, 07436, United States","1","","","","","","","instantexportexcel1714527043682"
"1163199733","Sun Pacific Power","www.sunpacificpower.com","1981","(888) 845-0242","","","1609","$1 mil. - $5 mil.","19","Employees.10to19","1629","162","16;162;1629","237130","23713","23;237;2371;23713;237130","Construction","Civil Engineering Construction","Construction","Civil Engineering Construction","construction","construction.civil","12513295","https://app.zoominfo.com/#/apps/profile/company/1163199733","http://www.linkedin.com/company/sppi","http://www.facebook.com/sunpacificpowercorp","http://www.twitter.com/sunpacificpower","Private","B2B","No","","0","0","","","","","215 Gordons Corner Rd","Manalapan","New Jersey","07726","United States","215 Gordons Corner Rd, Manalapan, New Jersey, 07726, United States","3","","","","","","","instantexportexcel1714527043682"
"1156037297","Solar Do Minho","www.solardominhobelleville.com","","(973) 844-0500","(973) 844-9568","","1175","$1 mil. - $5 mil.","7","Employees.5to9","5812","581","58;581;5812","722513","722511","72;722;7225;72251;722513;722511","Hospitality","Restaurants","Hospitality","Restaurants","hospitality","hospitality.restaurant","","https://app.zoominfo.com/#/apps/profile/company/1156037297","http://www.linkedin.com/company/solar-do-minho","http://www.facebook.com/solardominho","","Private","B2C","No","","0","0","","","","","15 Cleveland St","Belleville","New Jersey","07109","United States","15 Cleveland St, Belleville, New Jersey, 07109, United States","4","","","","","","","instantexportexcel1714527043682"
"483382947","Solar Direct Marketing","www.solardirectmarketing.com","1985","(201) 458-4603","","","1111","$1 mil. - $5 mil.","14","Employees.10to19","7331","733","73;733;7331","541860","54186","54;541;5418;54186;541860","Business Services","Advertising & Marketing","Business Services","Advertising & Marketing","bizservice","bizservice.marketing","20522598","https://app.zoominfo.com/#/apps/profile/company/483382947","http://www.linkedin.com/company/solar-direct-marketing","http://www.facebook.com/solar-direct-marketing-294591138139767","","Private","B2B","Yes","June 16, 2022","0","0","","","","","16 Pearl St Ste 218","Metuchen","New Jersey","08840","United States","16 Pearl St Ste 218, Metuchen, New Jersey, 08840, United States","2","","","","","","","instantexportexcel1714527043682"
"363595476","Clearview Washing","www.clearviewwashing.com","2004","(732) 462-1187","","","4372","$1 mil. - $5 mil.","19","Employees.10to19","7349","734","73;734;7349","561720","56172","56;561;5617;56172;561720","Business Services","Facilities Management & Commercial Cleaning","Business Services","Facilities Management & Commercial Cleaning","bizservice","bizservice.janitor","9057238","https://app.zoominfo.com/#/apps/profile/company/363595476","http://www.linkedin.com/company/clearview-washing-llc","http://www.facebook.com/clearviewwashing","http://www.twitter.com/clearviewwashin","Private","B2B","Yes","May 15, 2022","0","0","","","","","331 Fairfield Rd Ste B10","Freehold","New Jersey","07728","United States","331 Fairfield Rd Ste B10, Freehold, New Jersey, 07728, United States","3","","","","","","","instantexportexcel1714527043682"
"481111","ABSOLUTELY ENERGIZED Solar Electric","www.aesolar.com","2004","(732) 792-0700","","","4192","$1 mil. - $5 mil.","33","Employees.20to49","1629","162","16;162;1629;17;15","238210","237130","23;237;2371;23713;237130;238;2382;23821;238210","Construction","Civil Engineering Construction","Construction","Civil Engineering Construction","construction","construction.civil","16625041","https://app.zoominfo.com/#/apps/profile/company/481111","http://www.linkedin.com/company/absolutely-energized-power-systems","","","Private","B2C","Yes","August 21, 2019","0","0","","","","","974 State Rte 33 E","Jamesburg","New Jersey","08831","United States","974 State Rte 33 E, Jamesburg, New Jersey, 08831, United States","2","","","","","","","instantexportexcel1714527043682"
"346794574","Amped On Solar","www.ampedonsolar.com","2009","(888) 682-6733","","","1227","$1 mil. - $5 mil.","3","Employees.1to4","1629","162","16;162;1629","237130","23713","23;237;2371;23713;237130","Energy, Utilities & Waste","Waste Treatment, Environmental Services & Recycling","Energy, Utilities & Waste;Construction","Waste Treatment, Environmental Services & Recycling;Civil Engineering Construction","energy","energy.environment","","https://app.zoominfo.com/#/apps/profile/company/346794574","http://www.linkedin.com/company/amped-on-solar-llc","http://www.facebook.com/ampedonsolar","http://www.twitter.com/ampedonsolar","Private","B2B","Yes","December 12, 2019","43","43","Debt","March 20, 2021","PPP","PPP","220 E Front St","Florence","New Jersey","08518","United States","220 E Front St, Florence, New Jersey, 08518, United States","2","","","","","","","instantexportexcel1714527043682"
"1312334198","Arma Solar","arma.solar","2016","","","","3245","$1 mil. - $5 mil.","5","Employees.5to9","1629","162","16;162;1629","237130","23713","23;237;2371;23713;237130","Construction","Civil Engineering Construction","Construction","Civil Engineering Construction","construction","construction.civil","20892755","https://app.zoominfo.com/#/apps/profile/company/1312334198","http://www.linkedin.com/company/arma-solar","http://www.facebook.com/solar.arma","","Private","","No","","0","0","","","","","33 Wood Ave S","Iselin","New Jersey","08830","United States","33 Wood Ave S, Iselin, New Jersey, 08830, United States","1","","","","","","","instantexportexcel1714527043682"
"448246846","Main Street Solar Emergency Traffic Signals","www.mainstreetsolar.net","","(888) 883-1304","","","4205","$1 mil. - $5 mil.","18","Employees.10to19","3669","366","36;366;3669","334290","33429","33;334;3342;33429;334290","Manufacturing","Telecommunication Equipment","Manufacturing","Telecommunication Equipment","mfg","mfg.telecom","18265359","https://app.zoominfo.com/#/apps/profile/company/448246846","","","","Private","","No","","0","0","","","","","253 Main St Pmb 168","Matawan","New Jersey","07747","United States","253 Main St Pmb 168, Matawan, New Jersey, 07747, United States","1","","","","","","","instantexportexcel1714527043682"
"348046925","Affordable Solar Technologies","www.affordsolartech.com","","(732) 414-6343","","","1520","$1 mil. - $5 mil.","8","Employees.5to9","3433","343","34;343;3433","333414","33341","33;333;3334;33341;333414","Manufacturing","Building Materials","Manufacturing","Building Materials","mfg","mfg.building","","https://app.zoominfo.com/#/apps/profile/company/348046925","http://www.linkedin.com/company/affordable-solar-technologies","http://www.facebook.com/onyourmarkdesigns","","Private","","No","","0","0","","","","","494 Piel Ave","Brick","New Jersey","08723","United States","494 Piel Ave, Brick, New Jersey, 08723, United States","2","","","","","","","instantexportexcel1714527043682"
"1111911760","Hunterdon Siding & Window","www.hunterdonsiding.com","","(908) 735-0809","","","753","$500,000 - $1 mil.","8","Employees.5to9","1761","176","17;176;1761","238170","23817","23;238;2381;23817;238170","Construction","Commercial & Residential Construction","Construction","Commercial & Residential Construction","construction","construction.construction","","https://app.zoominfo.com/#/apps/profile/company/1111911760","http://www.linkedin.com/company/hunterdon-siding","http://www.facebook.com/hunterdonsiding1","http://www.twitter.com/hunterdonsiding","Private","B2B","No","","0","0","","","","","1235 Route 31 South Ste 2","Lebanon","New Jersey","08833","United States","1235 Route 31 South Ste 2, Lebanon, New Jersey, 08833, United States","2","","","","","","","instantexportexcel1714527043682"
"419292866","Fal Solar Systems","www.falsolarsystems.com","2011","(267) 257-6687","","","1510","$1 mil. - $5 mil.","9","Employees.5to9","4911","491","49;491;4911","221114","22111","22;221;2211;22111;221114","Consumer Services","","Consumer Services;Energy, Utilities & Waste","Electricity, Oil & Gas","consumerservices","","","https://app.zoominfo.com/#/apps/profile/company/419292866","http://www.linkedin.com/company/falsolarsystem","http://www.facebook.com/fal-solar-projects-1783670235259146","http://www.twitter.com/solarfal","Private","B2B","Yes","April 19, 2019","0","0","","","","","150 Cooper Rd Ste D10","West Berlin","New Jersey","08091","United States","150 Cooper Rd Ste D10, West Berlin, New Jersey, 08091, United States","3","","","","","","","instantexportexcel1714527043682"
"370407935","ACDC Solar","www.acdcsolar.com","2013","(908) 219-7700","","","2546","$1 mil. - $5 mil.","10","Employees.10to19","1629","162","16;162;1629","237130","23713","23;237;2371;23713;237130","Construction","Civil Engineering Construction","Construction","Civil Engineering Construction","construction","construction.civil","20187176","https://app.zoominfo.com/#/apps/profile/company/370407935","http://www.linkedin.com/company/acdc-solar-llc","http://www.facebook.com/acdcsolar","http://www.twitter.com/acdcsolar","Private","","Yes","April 10, 2020","0","0","","","","","8 Holland Brook Rd","Whitehouse Station","New Jersey","08889","United States","8 Holland Brook Rd, Whitehouse Station, New Jersey, 08889, United States","5","","","","","","","instantexportexcel1714527043682"
"476687920","Andluca Technologies","www.andluca.com","2017","","","","853","$500,000 - $1 mil.","7","Employees.5to9","7389","738","73;738;7389","561499","56149","56;561;5614;56149;561499","Business Services","Custom Software & IT Services","Business Services","Custom Software & IT Services;Information & Document Management","bizservice","bizservice.techconsulting","","https://app.zoominfo.com/#/apps/profile/company/476687920","http://www.linkedin.com/company/andluca-technologies","","http://www.twitter.com/andlucat","Private","B2B","Yes","May 25, 2022","22","22","Debt","March 23, 2021","PPP","PPP","302 Nassau St","Princeton","New Jersey","08540","United States","302 Nassau St, Princeton, New Jersey, 08540, United States","1","","","","","","","instantexportexcel1714527043682"
"403664790","Solar Experts","www.thesolarexperts.com","2020","(732) 539-9494","","","1023","$1 mil. - $5 mil.","10","Employees.10to19","1629","162","16;162;1629","237130","23713","23;237;2371;23713;237130","Construction","Civil Engineering Construction","Construction","Civil Engineering Construction","construction","construction.civil","","https://app.zoominfo.com/#/apps/profile/company/403664790","http://www.linkedin.com/company/the-solar-experts-nj-clean-energy-solutions","http://www.facebook.com/newjerseycleanenergysolutions","","Private","B2B","Yes","August 13, 2021","0","0","","","","","420 Chandler Rd","Jackson","New Jersey","08527","United States","420 Chandler Rd, Jackson, New Jersey, 08527, United States","2","","","","","","","instantexportexcel1714527043682"
"354835624","Solar Electric Group","www.solarelectricgroup.com","","","","","4654","$1 mil. - $5 mil.","18","Employees.10to19","4911","491","49;491;4911","221114","22111","22;221;2211;22111;221114","Energy, Utilities & Waste","Electricity, Oil & Gas","Energy, Utilities & Waste","Electricity, Oil & Gas","energy","energy.energy","","https://app.zoominfo.com/#/apps/profile/company/354835624","","","","Private","","No","","0","0","","","","","40 River Run","Lawnside","New Jersey","08045","United States","40 River Run, Lawnside, New Jersey, 08045, United States","1","","","","","","","instantexportexcel1714527043682"
"348139150","Mid-Atlantic Solar & Storage Industries Association","www.mssia.org","1997","(973) 886-0526","","","1266","$1 mil. - $5 mil.","80","Employees.50to99","8611","861","86;861;8611","813910","81391","81;813;8139;81391;813910","Organizations","Membership Organizations","Organizations","Membership Organizations","orgs","orgs.membership","10396857","https://app.zoominfo.com/#/apps/profile/company/348139150","http://www.linkedin.com/company/mssia","http://www.facebook.com/midatlanticsolarenergyindustries","http://www.twitter.com/mseia_solar","Private","","Yes","November 28, 2022","0","0","","","","","1200 Florence Columbus Rd Ste 208","Bordentown","New Jersey","08505","United States","1200 Florence Columbus Rd Ste 208, Bordentown, New Jersey, 08505, United States","2","","","","","","","instantexportexcel1714527043682"
"16730003","Design Presentation","www.designpresentation.com","1969","(609) 388-8525","","","1152","$1 mil. - $5 mil.","211","Employees.100to249","8712","871","87;871;8712","541310","54131","54;541;5413;54131;541310","Software","","Software;Construction","Architecture, Engineering & Design","software","","7538596","https://app.zoominfo.com/#/apps/profile/company/16730003","http://www.linkedin.com/company/designpresentation-assoc.-inc.","http://www.facebook.com/designpresentation","http://www.twitter.com/rupeshkagu","Private","B2B","Yes","March 18, 2024","0","0","","","","","301 N Harrison St 414","Princeton","New Jersey","08540","United States","301 N Harrison St 414, Princeton, New Jersey, 08540, United States","3","","","","","","","instantexportexcel1714527043682"
"353279018","Solar Home Energy Solutions","www.solarhomesolutions.com","2005","(856) 255-5727","","","872","$500,000 - $1 mil.","6","Employees.5to9","8748","874","87;874;8748","541690","54169","54;541;5416;54169;541690","Business Services","Management Consulting","Business Services","Management Consulting","bizservice","bizservice.consulting","","https://app.zoominfo.com/#/apps/profile/company/353279018","","","","Private","","No","","0","0","","","","","227 Mill Run Ct","Mount Laurel","New Jersey","08054","United States","227 Mill Run Ct, Mount Laurel, New Jersey, 08054, United States","1","","","","","","","instantexportexcel1714527043682"
"355869419","Reliable Power & Solar","www.getrpsnow.com","","(732) 367-1166","","","1576","$1 mil. - $5 mil.","15","Employees.10to19","1731","173","17;173;1731","238210","23821","23;238;2382;23821;238210","Construction","Commercial & Residential Construction","Construction","Commercial & Residential Construction","construction","construction.construction","","https://app.zoominfo.com/#/apps/profile/company/355869419","http://www.linkedin.com/company/reliable-power-&-solar","http://www.facebook.com/reliable-power-solar-193893193957883","http://www.twitter.com/dlightdesign","Private","B2B","Yes","March 02, 2020","0","0","","","","","1085 Us Hwy 9","Howell","New Jersey","07731","United States","1085 Us Hwy 9, Howell, New Jersey, 07731, United States","2","","","","","","","instantexportexcel1714527043682"
"1137972550","Green Energy Innovations","www.geinnovations.net","2009","(973) 408-9110","","","4447","$1 mil. - $5 mil.","5","Employees.5to9","3433","343","34;343;3433","333414","33341","33;333;3334;33341;333414","Manufacturing","Building Materials","Manufacturing","Building Materials","mfg","mfg.building","18855144","https://app.zoominfo.com/#/apps/profile/company/1137972550","http://www.linkedin.com/company/greenenergyinnovations","http://www.facebook.com/greenenergy.innovations.1","http://www.twitter.com/geinnovations","Private","","No","","0","0","","","","","29 Sandalwood Dr","Livingston","New Jersey","07039","United States","29 Sandalwood Dr, Livingston, New Jersey, 07039, United States","2","","","","","","","instantexportexcel1714527043682"
"483203859","Invention Solar","www.inventionsolar.com","2017","","","","3386","$1 mil. - $5 mil.","111","Employees.100to249","8743","8742","73;738;7389;87;874;8743;8742","541890","541820","54;541;5418;54182;541820;5416;54161;541613;54189;541890","Business Services","Advertising & Marketing","Business Services","Advertising & Marketing","bizservice","bizservice.marketing","17116353","https://app.zoominfo.com/#/apps/profile/company/483203859","http://www.linkedin.com/company/inventionsolar","http://www.facebook.com/inventionsolar","http://www.twitter.com/inventionsolar","Private","B2C","Yes","October 22, 2020","0","0","","","","","759 Bloomfield Ave Pmb 403","Caldwell","New Jersey","07006","United States","759 Bloomfield Ave Pmb 403, Caldwell, New Jersey, 07006, United States","2","","","","","","","instantexportexcel1714527043682"
"1314076334","Jersey Solar Power Systems","www.jerseysolarpowersystems.com","","","","","4618","$1 mil. - $5 mil.","22","Employees.20to49","4911","491","49;491;4911","221114","22111","22;221;2211;22111;221114","Energy, Utilities & Waste","Electricity, Oil & Gas","Energy, Utilities & Waste","Electricity, Oil & Gas","energy","energy.energy","18278472","https://app.zoominfo.com/#/apps/profile/company/1314076334","","","","Private","","No","","0","0","","","","","35 Journal Square Plz","Jersey City","New Jersey","07306","United States","35 Journal Square Plz, Jersey City, New Jersey, 07306, United States","1","","","","","","","instantexportexcel1714527043682"
"1327211414","Toms River Solar Power Systems","www.tomsriversolarpowersystems.com","","","","","2299","$1 mil. - $5 mil.","14","Employees.10to19","4911","491","49;491;4911","221114","22111","22;221;2211;22111;221114","Energy, Utilities & Waste","Electricity, Oil & Gas","Energy, Utilities & Waste","Electricity, Oil & Gas","energy","energy.energy","","https://app.zoominfo.com/#/apps/profile/company/1327211414","","","","Private","B2C","No","","0","0","","","","","26 Main St","Toms River","New Jersey","08753","United States","26 Main St, Toms River, New Jersey, 08753, United States","1","","","","","","","instantexportexcel1714527043682"
"1244405613","Solar Color & Chemical","","","(201) 945-5775","","","849","$500,000 - $1 mil.","6","Employees.5to9","5169","516","51;516;5169","424690","42469","42;424;4246;42469;424690","Manufacturing","Chemicals & Related Products","Manufacturing","Chemicals & Related Products","mfg","mfg.chemicals","","https://app.zoominfo.com/#/apps/profile/company/1244405613","","","","Private","","No","","0","0","","","","","180 River Rd","Edgewater","New Jersey","07020","United States","180 River Rd, Edgewater, New Jersey, 07020, United States","1","","","","","","","instantexportexcel1714527043682"
"1284451604","Green Solar USA","","","(800) 676-9282","","","492","Under $500,000","5","Employees.5to9","3433","343","34;343;3433","333414","33341","33;333;3334;33341;333414","Manufacturing","Building Materials","Manufacturing","Building Materials","mfg","mfg.building","","https://app.zoominfo.com/#/apps/profile/company/1284451604","","","","Private","","No","","0","0","","","","","1000 Delsea Dr","Westville","New Jersey","08093","United States","1000 Delsea Dr, Westville, New Jersey, 08093, United States","1","","","","","","","instantexportexcel1714527043682"
"1261465724","Solar Partner","","","","","","339","Under $500,000","11","Employees.10to19","1629","162","16;162;1629","237130","23713","23;237;2371;23713;237130","Construction","Civil Engineering Construction","Construction","Civil Engineering Construction","construction","construction.civil","","https://app.zoominfo.com/#/apps/profile/company/1261465724","","","","Private","","No","","0","0","","","","","3525 Mercerville Quakerbridge Rd Ste 4250","Trenton","New Jersey","08619","United States","3525 Mercerville Quakerbridge Rd Ste 4250, Trenton, New Jersey, 08619, United States","1","","","","","","","instantexportexcel1714527043682"
"1141240301","Quantum Solar Solutions","","","(856) 985-0074","","","654","$500,000 - $1 mil.","7","Employees.5to9","1629","162","16;162;1629","237130","23713","23;237;2371;23713;237130","Construction","Civil Engineering Construction","Construction","Civil Engineering Construction","construction","construction.civil","","https://app.zoominfo.com/#/apps/profile/company/1141240301","","","","Private","","No","","0","0","","","","","39 Carlton Ave","Marlton","New Jersey","08053","United States","39 Carlton Ave, Marlton, New Jersey, 08053, United States","1","","","","","","","instantexportexcel1714527043682"
"478996125","My Solar Partner","www.mysolarpartner.com","2003","(888) 765-2760","","","1779","$1 mil. - $5 mil.","9","Employees.5to9","1629","162","16;162;1629","237130","23713","23;237;2371;23713;237130","Construction","Civil Engineering Construction","Construction","Civil Engineering Construction","construction","construction.civil","20085578","https://app.zoominfo.com/#/apps/profile/company/478996125","","http://www.facebook.com/sunpowerbyseabright","","Private","B2B","Yes","June 06, 2022","0","0","","","","","3525 Mercerville Quakerbridge Rd Ste 4250","Trenton","New Jersey","08619","United States","3525 Mercerville Quakerbridge Rd Ste 4250, Trenton, New Jersey, 08619, United States","1","","","","","","","instantexportexcel1714527043682"
"1187222436","Solar Wide","","","(201) 797-0303","","","367","Under $500,000","5","Employees.5to9","1629","162","16;162;1629","237130","23713","23;237;2371;23713;237130","Construction","Civil Engineering Construction","Construction","Civil Engineering Construction","construction","construction.civil","","https://app.zoominfo.com/#/apps/profile/company/1187222436","","","","Private","","No","","0","0","","","","","280 N Midland Ave","Saddle Brook","New Jersey","07663","United States","280 N Midland Ave, Saddle Brook, New Jersey, 07663, United States","1","","","","","","","instantexportexcel1714527043682"
"346940463","Eznergy","www.eznergy.com","2007","(732) 244-0442","","","3550","$1 mil. - $5 mil.","19","Employees.10to19","1629","162","16;162;1629","237130","23713","23;237;2371;23713;237130","Construction","Civil Engineering Construction","Construction","Civil Engineering Construction;Commercial & Residential Construction","construction","construction.civil","20813997","https://app.zoominfo.com/#/apps/profile/company/346940463","http://www.linkedin.com/company/eznergy","http://www.facebook.com/eznergy","http://www.twitter.com/eznergysolar","Private","B2C","Yes","April 06, 2023","0","0","","","","","1561 Rte 9","Toms River","New Jersey","08755","United States","1561 Rte 9, Toms River, New Jersey, 08755, United States","2","","","","","","","instantexportexcel1714527043682"
"472906947","LIT Solar Energy","www.litsolarenergy.com","2019","(732) 895-5528","","","3893","$1 mil. - $5 mil.","17","Employees.10to19","4911","491","49;491;4911","221118","22111","22;221;2211;22111;221118","Energy, Utilities & Waste","Electricity, Oil & Gas","Energy, Utilities & Waste","Electricity, Oil & Gas","energy","energy.energy","","https://app.zoominfo.com/#/apps/profile/company/472906947","http://www.linkedin.com/company/lit-solar-energy","http://www.facebook.com/litsolarenergy","","Private","","Yes","January 20, 2020","0","0","","","","","","Keansburg","New Jersey","07734","United States","Keansburg, New Jersey, 07734, United States","","","","","","","","instantexportexcel1714527043682"
"515218602","Sunduce","www.sunduce.com","","(970) 462-7735","","","4785","$1 mil. - $5 mil.","11","Employees.10to19","4911","491","49;491;4911","221114","22111","22;221;2211;22111;221114","Energy, Utilities & Waste","Electricity, Oil & Gas","Energy, Utilities & Waste","Electricity, Oil & Gas","energy","energy.energy","","https://app.zoominfo.com/#/apps/profile/company/515218602","http://www.linkedin.com/company/sunduce","","","Private","B2C","No","","0","0","","","","","26 Park St","Montclair","New Jersey","07042","United States","26 Park St, Montclair, New Jersey, 07042, United States","1","","","","","","","instantexportexcel1714527043682"
"479287344","Green Revolution Solar","www.greenrevolutionsolar.com","","(848) 285-4853","","","4286","$1 mil. - $5 mil.","17","Employees.10to19","1629","162","16;162;1629","237130","23713","23;237;2371;23713;237130","Construction","Civil Engineering Construction","Construction","Civil Engineering Construction","construction","construction.civil","16820994","https://app.zoominfo.com/#/apps/profile/company/479287344","http://www.linkedin.com/company/green-revolution-solar","http://www.facebook.com/greenrevolutionsolar","","Private","B2C","Yes","October 01, 2021","0","0","","","","","236 Hearth Ct W","Lakewood","New Jersey","08701","United States","236 Hearth Ct W, Lakewood, New Jersey, 08701, United States","1","","","","","","","instantexportexcel1714527043682"
"1326897632","Commercial Solar Power Solutions","www.commercialsolarpowersolutions.com","","","","","3084","$1 mil. - $5 mil.","14","Employees.10to19","4911","491","49;491;4911","221114","22111","22;221;2211;22111;221114","Energy, Utilities & Waste","Electricity, Oil & Gas","Energy, Utilities & Waste","Electricity, Oil & Gas","energy","energy.energy","","https://app.zoominfo.com/#/apps/profile/company/1326897632","","","","Private","","No","","0","0","","","","","75 Clinton Ave Apt 10G","Newark","New Jersey","07114","United States","75 Clinton Ave Apt 10G, Newark, New Jersey, 07114, United States","1","","","","","","","instantexportexcel1714527043682"
"1327797524","Define Solar","www.definesolar.com","","(856) 724-2611","","","3033","$1 mil. - $5 mil.","13","Employees.10to19","1623","162","16;162;1623","237130","23713","23;237;2371;23713;237130","Construction","Civil Engineering Construction","Construction","Civil Engineering Construction","construction","construction.civil","","https://app.zoominfo.com/#/apps/profile/company/1327797524","http://www.linkedin.com/company/rhythm-solar","http://www.facebook.com/fallinlovewithsolar","","Private","","No","","0","0","","","","","2000 Crawford Pl Ste 300","Mount Laurel","New Jersey","08054","United States","2000 Crawford Pl Ste 300, Mount Laurel, New Jersey, 08054, United States","1","","","","","","","instantexportexcel1714527043682"
"528919359","Behman Construction","www.behmanconstruction.com","","(973) 418-6471","","","1119","$1 mil. - $5 mil.","6","Employees.5to9","1521","152","15;152;1521","236115","23611","23;236;2361;23611;236115","Construction","Commercial & Residential Construction","Construction","Commercial & Residential Construction","construction","construction.construction","","https://app.zoominfo.com/#/apps/profile/company/528919359","","http://www.facebook.com/behman-construction-corporation-147153258671792","","Private","","No","","0","0","","","","","46 Stimis Ln","East Hanover","New Jersey","07936","United States","46 Stimis Ln, East Hanover, New Jersey, 07936, United States","1","","","","","","","instantexportexcel1714527043682"
"1298974910","Advisors Solar Group","www.advisorssolar.com","2020","(800) 949-6089","","","2170","$1 mil. - $5 mil.","11","Employees.10to19","3433","343","34;343;3433","333414","33341","33;333;3334;33341;333414","Manufacturing","Building Materials","Manufacturing","Building Materials","mfg","mfg.building","","https://app.zoominfo.com/#/apps/profile/company/1298974910","http://www.linkedin.com/company/advisors-solar","http://www.facebook.com/advisorssolargroupinc","","Private","","No","","0","0","","","","","20 Commerce Dr Ste 135","Cranford","New Jersey","07016","United States","20 Commerce Dr Ste 135, Cranford, New Jersey, 07016, United States","1","","","","","","","instantexportexcel1714527043682"
"1333814980","Solar Garden USA","www.solargardenusa.com","","(866) 824-7864","","","1880","$1 mil. - $5 mil.","12","Employees.10to19","1711","171","17;171;1711","444240","44424","44;444;4442;44424;444240","Retail","Home Improvement & Hardware Retail","Retail","Home Improvement & Hardware Retail","retail","retail.hardware","","https://app.zoominfo.com/#/apps/profile/company/1333814980","","http://www.facebook.com/solar-garden-usa-100090586786941","","Private","B2C","No","","0","0","","","","","2091 Springdale Rd Ste 15","Cherry Hill","New Jersey","08003","United States","2091 Springdale Rd Ste 15, Cherry Hill, New Jersey, 08003, United States","1","","","","","","","instantexportexcel1714527043682"
"1306857385","Trinity Solar","www.kocenglishtown5903.com","","(732) 977-8040","","","4621","$1 mil. - $5 mil.","15","Employees.10to19","1629","162","16;162;1629","237130","23713","23;237;2371;23713;237130","Construction","Civil Engineering Construction","Construction","Civil Engineering Construction","construction","construction.civil","","https://app.zoominfo.com/#/apps/profile/company/1306857385","","http://www.facebook.com/knightsofcolumbus5903","","Private","","No","","0","0","","","","","9 Wilson Ct","Manalapan","New Jersey","07726","United States","9 Wilson Ct, Manalapan, New Jersey, 07726, United States","2","","","","","","","instantexportexcel1714527043682"
"363419330","My Solar Home","www.mysolarhome.com","2013","(888) 500-7373","","","4636","$1 mil. - $5 mil.","25","Employees.20to49","1629","162","16;162;1629","237130","23713","23;237;2371;23713;237130","Construction","Civil Engineering Construction","Construction;Energy, Utilities & Waste","Civil Engineering Construction;Electricity, Oil & Gas","construction","construction.civil","20136322","https://app.zoominfo.com/#/apps/profile/company/363419330","http://www.linkedin.com/company/my-solar-home-inc-","http://www.facebook.com/mysolarhomeinc","http://www.twitter.com/mysolarhomeinc","Private","","No","","0","0","","","","","2520 Hwy 35 Ste 301","Manasquan","New Jersey","08736","United States","2520 Hwy 35 Ste 301, Manasquan, New Jersey, 08736, United States","1","","","","","","","instantexportexcel1714527043682"
"368428681","The Roof Wizard","www.theroofwizard.net","2012","(609) 705-0093","","","1128","$1 mil. - $5 mil.","7","Employees.5to9","7349","734","73;734;7349","561790","56179","56;561;5617;56179;561790","Business Services","Facilities Management & Commercial Cleaning","Business Services","Facilities Management & Commercial Cleaning","bizservice","bizservice.janitor","18391785","https://app.zoominfo.com/#/apps/profile/company/368428681","http://www.linkedin.com/company/roof-wizard","http://www.facebook.com/the-roof-wizard-560090667353742","http://www.twitter.com/theroofwizard","Private","B2B","Yes","March 21, 2020","0","0","","","","","880 S Grand St","Hammonton","New Jersey","08037","United States","880 S Grand St, Hammonton, New Jersey, 08037, United States","1","","","","","","","instantexportexcel1714527043682"
"354496770","Ace Solar","www.ace-solar.com","2009","(201) 507-1110","","","1403","$1 mil. - $5 mil.","5","Employees.5to9","1629","162","16;162;1629","237130","23713","23;237;2371;23713;237130","Energy, Utilities & Waste","Waste Treatment, Environmental Services & Recycling","Energy, Utilities & Waste;Construction","Waste Treatment, Environmental Services & Recycling;Civil Engineering Construction","energy","energy.environment","","https://app.zoominfo.com/#/apps/profile/company/354496770","http://www.linkedin.com/company/alliance-cooperative-energy-llc","http://www.facebook.com/alliancecooperativeenergy","http://www.twitter.com/alliancesolarnj","Private","B2B","Yes","August 21, 2019","0","0","","","","","305 Lincoln St","Carlstadt","New Jersey","07072","United States","305 Lincoln St, Carlstadt, New Jersey, 07072, United States","4","","","","","","","instantexportexcel1714527043682"
"355307363","Energy Freedom Pioneers","www.energyfreedompioneers.com","2012","(856) 299-6900","","","1425","$1 mil. - $5 mil.","7","Employees.5to9","4911","491","49;491;4911","221118","22111","22;221;2211;22111;221118","Energy, Utilities & Waste","Electricity, Oil & Gas","Energy, Utilities & Waste","Electricity, Oil & Gas","energy","energy.energy","","https://app.zoominfo.com/#/apps/profile/company/355307363","http://www.linkedin.com/company/freedom-pioneers","","","Private","","No","","0","0","","","","","322 Artillery Ave","Pedricktown","New Jersey","08067","United States","322 Artillery Ave, Pedricktown, New Jersey, 08067, United States","1","","","","","","","instantexportexcel1714527043682"
"465302375","TGI Solar Power Group","www.tgipower.com","1967","(609) 201-2099","","OTC: TSPG","23","Under $500,000","1","Employees.1to4","8742","874","87;874;8742","541613","54161","54;541;5416;54161;541613","Business Services","Advertising & Marketing","Business Services","Advertising & Marketing","bizservice","bizservice.marketing","","https://app.zoominfo.com/#/apps/profile/company/465302375","http://www.linkedin.com/company/tgi-solar-power-group-inc-","http://www.facebook.com/tgipower","","Public","","Yes","June 24, 2022","0","0","","","","","1011 Whitehead Road Ext Ste 101","Ewing","New Jersey","08638","United States","1011 Whitehead Road Ext Ste 101, Ewing, New Jersey, 08638, United States","4","","","","","","","instantexportexcel1714527043682"
"541745229","Seapoint Solar","www.seapointsolarenergy.com","2019","(609) 705-1747","","","464","Under $500,000","11","Employees.10to19","1629","162","16;162;1629","237130","23713","23;237;2371;23713;237130","Construction","Civil Engineering Construction","Construction","Civil Engineering Construction","construction","construction.civil","","https://app.zoominfo.com/#/apps/profile/company/541745229","http://www.linkedin.com/company/seapoint-solar-energy","http://www.facebook.com/seapointsolar","","Private","B2B","Yes","July 28, 2021","0","0","","","","","3 Myers Dr","Mullica Hill","New Jersey","08062","United States","3 Myers Dr, Mullica Hill, New Jersey, 08062, United States","3","","","","","","","instantexportexcel1714527043682"
"356667615","ECS Energy","www.ecs-energy.com","2007","(201) 425-6554","","","987","$500,000 - $1 mil.","4","Employees.1to4","8748","874","87;874;8748","541690","54169","54;541;5416;54169;541690","Energy, Utilities & Waste","Waste Treatment, Environmental Services & Recycling","Energy, Utilities & Waste;Business Services","Waste Treatment, Environmental Services & Recycling;Management Consulting","energy","energy.environment","","https://app.zoominfo.com/#/apps/profile/company/356667615","http://www.linkedin.com/company/ecs-energy-ltd-","http://www.facebook.com/ecsenergynj","http://www.twitter.com/ecsenergyltd","Private","","Yes","November 20, 2023","0","0","","","","","111 Bauer Dr","Oakland","New Jersey","07436","United States","111 Bauer Dr, Oakland, New Jersey, 07436, United States","3","","","","","","","instantexportexcel1714527043682"
"538758365","REAP Solutions","www.reapsllc.com","","(732) 702-1559","","","1697","$1 mil. - $5 mil.","9","Employees.5to9","5063","506","50;506;5063","423610","42361","42;423;4236;42361;423610","Retail","Consumer Electronics & Computers Retail","Retail","Consumer Electronics & Computers Retail","retail","retail.computer","","https://app.zoominfo.com/#/apps/profile/company/538758365","","","","Private","B2C","Yes","November 09, 2022","0","0","","","","","208 Lenox Ave Ste 224","Westfield","New Jersey","07090","United States","208 Lenox Ave Ste 224, Westfield, New Jersey, 07090, United States","1","","","","","","","instantexportexcel1714527043682"
"346976695","Kaitanna Solar","www.kaitannasolar.com","2008","(856) 218-8354","","","1190","$1 mil. - $5 mil.","7","Employees.5to9","1629","162","16;162;1629","237130","23713","23;237;2371;23713;237130","Construction","Civil Engineering Construction","Construction;Energy, Utilities & Waste","Civil Engineering Construction;Electricity, Oil & Gas","construction","construction.civil","","https://app.zoominfo.com/#/apps/profile/company/346976695","http://www.linkedin.com/company/kaitanna-solar-llc","http://www.facebook.com/kaitannasolar","http://www.twitter.com/kaitannasolarnj","Private","B2B","Yes","June 11, 2020","57","57","Debt","February 27, 2021","PPP","PPP","34 N Main St","Mullica Hill","New Jersey","08062","United States","34 N Main St, Mullica Hill, New Jersey, 08062, United States","3","","","","","","","instantexportexcel1714527043682"
"1127433403","Green House Solar","greenhouse.solar","2015","(973) 986-2844","","","2277","$1 mil. - $5 mil.","7","Employees.5to9","1629","162","16;162;1629","237130","23713","23;237;2371;23713;237130","Construction","Civil Engineering Construction","Construction","Civil Engineering Construction","construction","construction.civil","20848492","https://app.zoominfo.com/#/apps/profile/company/1127433403","http://www.linkedin.com/company/green-house-solar","http://www.facebook.com/ghelectricllc","http://www.twitter.com/gh_solar_nj","Private","B2B","No","","0","0","","","","","192 Main St","Madison","New Jersey","07940","United States","192 Main St, Madison, New Jersey, 07940, United States","2","","","","","","","instantexportexcel1714527043682"
"348544343","EBR Energy Pvt","www.ebr-energy.com","2009","(855) 276-5270","+92 42 3581 7339","","2929","$1 mil. - $5 mil.","25","Employees.20to49","1629","162","16;162;1629","237130","23713","23;237;2371;23713;237130","Construction","Civil Engineering Construction","Construction","Civil Engineering Construction","construction","construction.civil","20197751","https://app.zoominfo.com/#/apps/profile/company/348544343","http://www.linkedin.com/company/ebr-energy-corporation","http://www.facebook.com/ebrenergy","http://www.twitter.com/ebrenergy","Private","B2B","Yes","June 16, 2022","0","0","","","","","33 Wood Ave S Ste 600","Iselin","New Jersey","08830","United States","33 Wood Ave S Ste 600, Iselin, New Jersey, 08830, United States","4","","","","","","","instantexportexcel1714527043682"
"373353339","Renewing Energy","www.renewing-energy.com","","(833) 272-8320","","","1391","$1 mil. - $5 mil.","5","Employees.5to9","1629","162","16;162;1629","237130","23713","23;237;2371;23713;237130","Construction","Civil Engineering Construction","Construction","Civil Engineering Construction","construction","construction.civil","","https://app.zoominfo.com/#/apps/profile/company/373353339","","http://www.facebook.com/renewingenergy1","","Private","","Yes","January 23, 2021","21","21","Debt","February 06, 2021","PPP","PPP","3000 Atrium Way","Mount Laurel","New Jersey","08054","United States","3000 Atrium Way, Mount Laurel, New Jersey, 08054, United States","1","","","","","","","instantexportexcel1714527043682"
"347338028","CAP Solar","www.capsolar.org","2011","(201) 479-1885","","","634","$500,000 - $1 mil.","7","Employees.5to9","8399","839","83;839;8399","813319","81331","81;813;8133;81331;813319","Organizations","Non-Profit & Charitable Organizations","Organizations","Non-Profit & Charitable Organizations","orgs","orgs.charitable","","https://app.zoominfo.com/#/apps/profile/company/347338028","","","","Private","","Yes","October 30, 2019","0","0","","","","","242 Adelphia Rd","Farmingdale","New Jersey","07727","United States","242 Adelphia Rd, Farmingdale, New Jersey, 07727, United States","17","","","","","","","instantexportexcel1714527043682"
"389929555","Solar Cents","www.solarcents.net","2014","(973) 870-0003","","","1975","$1 mil. - $5 mil.","7","Employees.5to9","1629","162","16;162;1629","237130","23713","23;237;2371;23713;237130","Energy, Utilities & Waste","Electricity, Oil & Gas","Energy, Utilities & Waste;Construction;Manufacturing","Electricity, Oil & Gas;Civil Engineering Construction;Chemicals & Related Products","energy","energy.energy","","https://app.zoominfo.com/#/apps/profile/company/389929555","http://www.linkedin.com/company/solar-cents","http://www.facebook.com/solarcentsenergy","http://www.twitter.com/solar_cents","Private","B2C","Yes","October 09, 2023","0","0","","","","","17 Furler St","Totowa","New Jersey","07512","United States","17 Furler St, Totowa, New Jersey, 07512, United States","5","","","","","","","instantexportexcel1714527043682"
"412232504","Solar Solutions","www.solarsolutionsgenerators.com","1984","(856) 768-6663","(856) 566-6631","","1429","$1 mil. - $5 mil.","6","Employees.5to9","1629","162","16;162;1629","237130","23713","23;237;2371;23713;237130","Construction","Civil Engineering Construction","Construction","Civil Engineering Construction","construction","construction.civil","","https://app.zoominfo.com/#/apps/profile/company/412232504","","","","Private","B2B","No","","0","0","","","","","9 Briarwood Dr","Voorhees Township","New Jersey","08043","United States","9 Briarwood Dr, Voorhees Township, New Jersey, 08043, United States","4","","","","","","","instantexportexcel1714527043682"
"1146083885","Elumis","www.elumis.com","2018","(201) 262-9100","","","3178","$1 mil. - $5 mil.","20","Employees.20to49","4911","491","49;491;4911","221114","22111","22;221;2211;22111;221114","Energy, Utilities & Waste","Electricity, Oil & Gas","Energy, Utilities & Waste","Electricity, Oil & Gas","energy","energy.energy","8422907","https://app.zoominfo.com/#/apps/profile/company/1146083885","http://www.linkedin.com/company/elumis","","","Private","B2C","No","","0","0","","","","","391 Scholar Ct","Franklin Lakes","New Jersey","07417","United States","391 Scholar Ct, Franklin Lakes, New Jersey, 07417, United States","1","","","","","","","instantexportexcel1714527043682"
"358672310","A/Coe Solar","www.a-coesolar.com","","(201) 213-0921","","","1887","$1 mil. - $5 mil.","5","Employees.5to9","4899","3674","48;489;4899;36;367;3674","517810","334413","51;517;5178;51781;517810;33;334;3344;33441;334413","Telecommunications","Cable & Satellite","Telecommunications;Manufacturing","Cable & Satellite;Electronics","telecom","telecom.cable","","https://app.zoominfo.com/#/apps/profile/company/358672310","","","","Private","B2B","Yes","May 31, 2021","0","0","","","","","695 Littleton Rd","Parsippany","New Jersey","07054","United States","695 Littleton Rd, Parsippany, New Jersey, 07054, United States","1","","","","","","","instantexportexcel1714527043682"
"347515359","Paladin Solar","www.paladinsolar.com","2009","(609) 658-0233","","","1139","$1 mil. - $5 mil.","6","Employees.5to9","1629","162","16;162;1629","237130","23713","23;237;2371;23713;237130","Construction","Civil Engineering Construction","Construction","Civil Engineering Construction","construction","construction.civil","","https://app.zoominfo.com/#/apps/profile/company/347515359","","","","Private","","No","","0","0","","","","","110 Jarvie Dr","Trenton","New Jersey","08690","United States","110 Jarvie Dr, Trenton, New Jersey, 08690, United States","1","","","","","","","instantexportexcel1714527043682"
"479591312","Zholares","www.zholares.com","","(201) 496-1918","","","1169","$1 mil. - $5 mil.","6","Employees.5to9","1711","171","17;171;1711","238220","23822","23;238;2382;23822;238220","Construction","Commercial & Residential Construction","Construction","Commercial & Residential Construction","construction","construction.construction","","https://app.zoominfo.com/#/apps/profile/company/479591312","","http://www.facebook.com/kriesi.at","http://www.twitter.com/kriesi","Private","B2B","No","","0","0","","","","","70 Greene St Apt 507","Jersey City","New Jersey","07302","United States","70 Greene St Apt 507, Jersey City, New Jersey, 07302, United States","1","","","","","","","instantexportexcel1714527043682"
"346938111","Nexus Energy Solutions","www.nexusenergysolutions.net","2010","(609) 656-4470","","","3830","$1 mil. - $5 mil.","6","Employees.5to9","8748","874","87;874;8748","541690","54169","54;541;5416;54169;541690","Minerals & Mining","","Minerals & Mining;Business Services","Management Consulting","mm","","","https://app.zoominfo.com/#/apps/profile/company/346938111","http://www.linkedin.com/company/nexus-energy-solutions","http://www.facebook.com/nexusenergysolutions","http://www.twitter.com/waternexus","Private","B2B","No","","0","0","","","","","1333 Brunswick Ave Ste 200","Lawrenceville","New Jersey","08648","United States","1333 Brunswick Ave Ste 200, Lawrenceville, New Jersey, 08648, United States","2","","","","","","","instantexportexcel1714527043682"
"1210979707","Sun Source Energy Products","www.aquathermrepair.com","","(973) 691-6911","","","2264","$1 mil. - $5 mil.","10","Employees.10to19","5074","507","50;507;5074","423720","42372","42;423;4237;42372;423720","Retail","Home Improvement & Hardware Retail","Retail","Home Improvement & Hardware Retail","retail","retail.hardware","","https://app.zoominfo.com/#/apps/profile/company/1210979707","","http://www.facebook.com/sunsourceenergyproducts","","Private","B2C","No","","0","0","","","","","PO Box 31","Netcong","New Jersey","07857","United States","PO Box 31, Netcong, New Jersey, 07857, United States","1","","","","","","","instantexportexcel1714527043682"
"478809925","Tommy's Plumbing","www.tommysplumbingllc.com","2005","(201) 262-0093","","","1116","$1 mil. - $5 mil.","6","Employees.5to9","1711","171","17;171;1711","238220","23822","23;238;2382;23822;238220","Construction","Commercial & Residential Construction","Construction","Commercial & Residential Construction","construction","construction.construction","","https://app.zoominfo.com/#/apps/profile/company/478809925","","http://www.facebook.com/tommysplumbing","http://www.twitter.com/tommysplumbng","Private","B2C","No","","35","35","Debt","March 13, 2021","PPP","PPP","69 W Midland Ave","Paramus","New Jersey","07652","United States","69 W Midland Ave, Paramus, New Jersey, 07652, United States","3","","","","","","","instantexportexcel1714527043682"
"476381059","Green Revolution Electric","www.greenrevolutionelectric.com","","(908) 399-5695","","","1136","$1 mil. - $5 mil.","6","Employees.5to9","1731","173","17;173;1731","238210","23821","23;238;2382;23821;238210","Construction","Commercial & Residential Construction","Construction","Commercial & Residential Construction","construction","construction.construction","","https://app.zoominfo.com/#/apps/profile/company/476381059","http://www.linkedin.com/company/green-revolution-electric","http://www.facebook.com/greenrevolutionelectric","","Private","B2C","No","","0","0","","","","","55 Main St","Lebanon","New Jersey","08833","United States","55 Main St, Lebanon, New Jersey, 08833, United States","1","","","","","","","instantexportexcel1714527043682"
"537139608","Titan Solar Panels","www.titansolarpanels.com","","(201) 877-9310","","","4240","$1 mil. - $5 mil.","10","Employees.10to19","1629","162","16;162;1629","237130","23713","23;237;2371;23713;237130","Construction","Civil Engineering Construction","Construction","Civil Engineering Construction","construction","construction.civil","","https://app.zoominfo.com/#/apps/profile/company/537139608","","","","Private","","No","","0","0","","","","","50 Harrison St","Hoboken","New Jersey","07030","United States","50 Harrison St, Hoboken, New Jersey, 07030, United States","1","","","","","","","instantexportexcel1714527043682"
"470101145","my-RESI","www.my-resi.com","","(732) 792-2212","","","1420","$1 mil. - $5 mil.","7","Employees.5to9","4911","491","49;491;4911","221118","22111","22;221;2211;22111;221118","Energy, Utilities & Waste","Electricity, Oil & Gas","Energy, Utilities & Waste","Electricity, Oil & Gas","energy","energy.energy","","https://app.zoominfo.com/#/apps/profile/company/470101145","","","","Private","","Yes","May 22, 2019","0","0","","","","","516 Rte 33 2 Ste 101","Perrineville","New Jersey","08535","United States","516 Rte 33 2 Ste 101, Perrineville, New Jersey, 08535, United States","2","","","","","","","instantexportexcel1714527043682"
"365419655","Henry's solar sales","www.henryssolarsales.com","","(561) 558-0888","","","3796","$1 mil. - $5 mil.","18","Employees.10to19","5074","507","50;507;5074","423720","42372","42;423;4237;42372;423720","Transportation","","Transportation;Retail","Home Improvement & Hardware Retail","transportation","","","https://app.zoominfo.com/#/apps/profile/company/365419655","","http://www.facebook.com/henryssolarsales.org","","Private","B2C","No","","0","0","","","","","600 Secaucus Rd","Secaucus","New Jersey","07094","United States","600 Secaucus Rd, Secaucus, New Jersey, 07094, United States","1","","","","","","","instantexportexcel1714527043682"
"72369468","New Age Solar","www.newagesolar.com","2003","(609) 223-0277","","","1411","$1 mil. - $5 mil.","5","Employees.5to9","1629","162","16;162;1629","237130","23713","23;237;2371;23713;237130","Manufacturing","Electronics","Manufacturing;Construction","Electronics;Civil Engineering Construction","mfg","mfg.electronics","","https://app.zoominfo.com/#/apps/profile/company/72369468","http://www.linkedin.com/company/new-age-solar-llc","","","Private","B2B","Yes","September 04, 2019","0","0","","","","","2 Oak Hill Dr","Clarksburg","New Jersey","08510","United States","2 Oak Hill Dr, Clarksburg, New Jersey, 08510, United States","1","","","","","","","instantexportexcel1714527043682"
"549663302","Njipa","www.njipa.org","","","","","524","$500,000 - $1 mil.","11","Employees.10to19","8621","862","86;862;8621","813920","81392","81;813;8139;81392;813920","Organizations","Membership Organizations","Organizations","Membership Organizations","orgs","orgs.membership","","https://app.zoominfo.com/#/apps/profile/company/549663302","http://www.linkedin.com/company/new-jersey-indian-physcian-association-inc","","","Private","","No","","0","0","","","","","1575 County Road 517","Hackettstown","New Jersey","07840","United States","1575 County Road 517, Hackettstown, New Jersey, 07840, United States","1","","","","","","","instantexportexcel1714527043682"
"540684064","Solar Route","www.solarroutes.com","","","","","3269","$1 mil. - $5 mil.","5","Employees.5to9","4911","491","49;491;4911","221114","22111","22;221;2211;22111;221114","Energy, Utilities & Waste","Electricity, Oil & Gas","Energy, Utilities & Waste","Electricity, Oil & Gas","energy","energy.energy","","https://app.zoominfo.com/#/apps/profile/company/540684064","","","","Private","","Yes","June 13, 2022","0","0","","","","","2037 Lemoine Ave","Fort Lee","New Jersey","07024","United States","2037 Lemoine Ave, Fort Lee, New Jersey, 07024, United States","1","","","","","","","instantexportexcel1714527043682"
"354139812","KDC Solar","www.kdcsolar.com","2012","(908) 212-9061","","","4019","$1 mil. - $5 mil.","17","Employees.10to19","4911","491","49;491;4911","221114","22111","22;221;2211;22111;221114","Energy, Utilities & Waste","Electricity, Oil & Gas","Energy, Utilities & Waste","Electricity, Oil & Gas","energy","energy.energy","13513144","https://app.zoominfo.com/#/apps/profile/company/354139812","http://www.linkedin.com/company/kdc-solar","","","Private","B2B","Yes","August 21, 2019","100150","150","Debt","April 13, 2020","PPP","PPP","1420 U.s. Hwy Ste 120","Bedminster","New Jersey","07921","United States","1420 U.s. Hwy Ste 120, Bedminster, New Jersey, 07921, United States","6","","","","","","","instantexportexcel1714527043682"
"1105066693","Estrin Zirkman Sales Agency","www.estrin.co","1993","(908) 722-9980","","","1034","$1 mil. - $5 mil.","7","Employees.5to9","3645","364","36;364;3645","541921","335131","33;335;3351;33513;335131;54;541;5419;54192;541921","Manufacturing","Furniture","Manufacturing","Furniture","mfg","mfg.furniture","14460390","https://app.zoominfo.com/#/apps/profile/company/1105066693","http://www.linkedin.com/company/estrin-zirkman-sales-agency","http://www.facebook.com/ezslighting","","Private","B2C","Yes","October 23, 2023","0","0","","","","","17 S Main St Ste 3","Manville","New Jersey","08835","United States","17 S Main St Ste 3, Manville, New Jersey, 08835, United States","1","","","","","","","instantexportexcel1714527043682"
"437359348","Div-Energy Group","www.div-energy.com","","(646) 415-8510","(646) 415-8542","","1262","$1 mil. - $5 mil.","8","Employees.5to9","8748","874","87;874;8748","541690","54169","54;541;5416;54169;541690","Business Services","Management Consulting","Business Services;Energy, Utilities & Waste","Management Consulting;Electricity, Oil & Gas","bizservice","bizservice.consulting","","https://app.zoominfo.com/#/apps/profile/company/437359348","http://www.linkedin.com/company/luzol-energy-group","","","Private","B2B","Yes","December 20, 2021","0","0","","","","","249 Thomas Mcgovern Dr Ste 2","Jersey City","New Jersey","07305","United States","249 Thomas Mcgovern Dr Ste 2, Jersey City, New Jersey, 07305, United States","1","","","","","","","instantexportexcel1714527043682"
"483188934","City Park Solar","www.cityparksolar.com","","(800) 674-8080","","","1834","$1 mil. - $5 mil.","5","Employees.5to9","1629","162","16;162;1629","237130","23713","23;237;2371;23713;237130","Construction","Civil Engineering Construction","Construction","Civil Engineering Construction","construction","construction.civil","19167144","https://app.zoominfo.com/#/apps/profile/company/483188934","http://www.linkedin.com/company/cityparksolar","","","Private","","No","","0","0","","","","","208 Main St Fl 2","Asbury Park","New Jersey","07712","United States","208 Main St Fl 2, Asbury Park, New Jersey, 07712, United States","1","","","","","","","instantexportexcel1714527043682"
"442256953","Solar Energy Rising","www.solarenergyrising.com","","(800) 640-6097","","","4276","$1 mil. - $5 mil.","15","Employees.10to19","1629","162","16;162;1629","237130","23713","23;237;2371;23713;237130","Construction","","Construction","Civil Engineering Construction","construction","","","https://app.zoominfo.com/#/apps/profile/company/442256953","http://www.linkedin.com/company/solar-energy-rising-llc","http://www.facebook.com/solar-energy-rising-llc-1439454696384049","","Private","B2C","Yes","September 09, 2019","10","10","Debt","February 19, 2021","PPP","PPP","331 Newman Springs Rd 1 Fl 4 143","Red Bank","New Jersey","07701","United States","331 Newman Springs Rd 1 Fl 4 143, Red Bank, New Jersey, 07701, United States","2","","","","","","","instantexportexcel1714527043682"
"348847710","Independence Solar","www.independencesolar.com","2007","(856) 393-1250","","","4493","$1 mil. - $5 mil.","13","Employees.10to19","4911","491","49;491;4911","221114","22111","22;221;2211;22111;221114","Construction","Commercial & Residential Construction","Construction;Energy, Utilities & Waste","Commercial & Residential Construction;Electricity, Oil & Gas","construction","construction.construction","21188913","https://app.zoominfo.com/#/apps/profile/company/348847710","http://www.linkedin.com/company/independence-solar","http://www.facebook.com/independencesolar","http://www.twitter.com/indsolar","Private","B2B","Yes","August 23, 2023","150","150","Debt","April 16, 2020","PPP","PPP","1008 Astoria Blvd Ste E","Cherry Hill","New Jersey","08003","United States","1008 Astoria Blvd Ste E, Cherry Hill, New Jersey, 08003, United States","6","","","","","","","instantexportexcel1714527043682"
"347135468","ASC Solar Solutions","www.ascsolar.com","","(856) 697-8222","","","4734","$1 mil. - $5 mil.","21","Employees.20to49","1629","162","16;162;1629","237130","23713","23;237;2371;23713;237130","Construction","Civil Engineering Construction","Construction","Civil Engineering Construction","construction","construction.civil","","https://app.zoominfo.com/#/apps/profile/company/347135468","","","","Private","","No","","0","0","","","","","948 Harding Hwy","Buena","New Jersey","08310","United States","948 Harding Hwy, Buena, New Jersey, 08310, United States","1","","","","","","","instantexportexcel1714527043682"
"1313098132","Integral Solar Services","www.integralsolar.net","","(908) 557-5064","","","2595","$1 mil. - $5 mil.","16","Employees.10to19","1629","162","16;162;1629","237130","23713","23;237;2371;23713;237130","Construction","Civil Engineering Construction","Construction","Civil Engineering Construction","construction","construction.civil","18759094","https://app.zoominfo.com/#/apps/profile/company/1313098132","http://www.linkedin.com/company/integral-solar-services","","","Private","","No","","0","0","","","","","100 Franklin Square Dr Ste 207","Somerset","New Jersey","08873","United States","100 Franklin Square Dr Ste 207, Somerset, New Jersey, 08873, United States","1","","","","","","","instantexportexcel1714527043682"
"1313813854","Big Solar Energy","www.bigsolarenergy.co","","(888) 209-0502","","","3528","$1 mil. - $5 mil.","12","Employees.10to19","4911","491","49;491;4911","221118","22111","22;221;2211;22111;221118","Energy, Utilities & Waste","Electricity, Oil & Gas","Energy, Utilities & Waste","Electricity, Oil & Gas","energy","energy.energy","","https://app.zoominfo.com/#/apps/profile/company/1313813854","","","","Private","","No","","0","0","","","","","2 Eves Dr Ste 204","Marlton","New Jersey","08053","United States","2 Eves Dr Ste 204, Marlton, New Jersey, 08053, United States","1","","","","","","","instantexportexcel1714527043682"
"352408882","Sunray Solar","www.sunray-solar.com","2007","(732) 363-8777","","","1280","$1 mil. - $5 mil.","7","Employees.5to9","1629","162","16;162;1629","237130","23713","23;237;2371;23713;237130","Energy, Utilities & Waste","Waste Treatment, Environmental Services & Recycling","Energy, Utilities & Waste;Construction","Waste Treatment, Environmental Services & Recycling;Civil Engineering Construction","energy","energy.environment","","https://app.zoominfo.com/#/apps/profile/company/352408882","http://www.linkedin.com/company/sunray-solar-inc-","http://www.facebook.com/sunraysolarinc","http://www.twitter.com/sunray_solar","Private","B2B","No","","0","0","","","","","644 Cross St Unit 10","Lakewood","New Jersey","08701","United States","644 Cross St Unit 10, Lakewood, New Jersey, 08701, United States","2","","","","","","","instantexportexcel1714527043682"
"1314661715","Lloyds infotech USA","www.lloydsinfotech.com","2016","","","","2272","$1 mil. - $5 mil.","489","Employees.250to499","8111","811","81;811;8111","541110","54111","54;541;5411;54111;541110","Law Firms & Legal Services","","Law Firms & Legal Services","","legal","","","https://app.zoominfo.com/#/apps/profile/company/1314661715","http://www.linkedin.com/company/lloyds-infotech-usa","","","Private","","No","","0","0","","","","","169 White Birch Rd","Edison","New Jersey","08837","United States","169 White Birch Rd, Edison, New Jersey, 08837, United States","1","","","","","","","instantexportexcel1714527043682"
"1312837826","Eversolar","www.njeversolar.com","","","","","3242","$1 mil. - $5 mil.","17","Employees.10to19","7221","722","72;722;7221","541921","54192","54;541;5419;54192;541921","Consumer Services","Photography Studio","Consumer Services","Photography Studio","consumerservices","consumerservices.photo","5556257","https://app.zoominfo.com/#/apps/profile/company/1312837826","","","","Private","B2C","No","","0","0","","","","","265 Hackensack St Pmb 121","Wood Ridge","New Jersey","07075","United States","265 Hackensack St Pmb 121, Wood Ridge, New Jersey, 07075, United States","1","","","","","","","instantexportexcel1714527043682"
"1238532531","Bart's Solar Landscaping","","","(732) 280-3272","","","104","Under $500,000","2","Employees.1to4","781","78","07;078;0781","541320","54132","54;541;5413;54132;541320","Construction","Architecture, Engineering & Design","Construction","Architecture, Engineering & Design","construction","construction.architecture","","https://app.zoominfo.com/#/apps/profile/company/1238532531","","","","Private","","No","","0","0","","","","","1315 Gully Rd","Belmar","New Jersey","07719","United States","1315 Gully Rd, Belmar, New Jersey, 07719, United States","1","","","","","","","instantexportexcel1714527043682"
"1326482678","Cleanrite Exterior Cleaning","www.njcleanrite.com","","(800) 319-0359","","","1402","$1 mil. - $5 mil.","10","Employees.10to19","7699","769","76;769;7699","561790","56179","56;561;5617;56179;561790","Business Services","Facilities Management & Commercial Cleaning","Business Services","Facilities Management & Commercial Cleaning","bizservice","bizservice.janitor","","https://app.zoominfo.com/#/apps/profile/company/1326482678","","http://www.facebook.com/cleanriteexteriorcleaning","","Private","B2B","No","","0","0","","","","","258 Mermaid Dr","Manahawkin","New Jersey","08050","United States","258 Mermaid Dr, Manahawkin, New Jersey, 08050, United States","1","","","","","","","instantexportexcel1714527043682"
"538428979","CityCom Solar","www.citycomsolar.com","2020","","","","4837","$1 mil. - $5 mil.","55","Employees.50to99","4911","491","49;491;4911","221114","22111","22;221;2211;22111;221114","Energy, Utilities & Waste","Electricity, Oil & Gas","Energy, Utilities & Waste","Electricity, Oil & Gas","energy","energy.energy","11630888","https://app.zoominfo.com/#/apps/profile/company/538428979","http://www.linkedin.com/company/citycomsolar","","","Private","B2B","No","","0","0","","","","","520 Broad St","Newark","New Jersey","07102","United States","520 Broad St, Newark, New Jersey, 07102, United States","1","","","","","","","instantexportexcel1714527043682"
"1327004696","Solar Solutions","selective.solar","","","","","2507","$1 mil. - $5 mil.","14","Employees.10to19","1629","162","16;162;1629","237130","23713","23;237;2371;23713;237130","Construction","Civil Engineering Construction","Construction","Civil Engineering Construction","construction","construction.civil","","https://app.zoominfo.com/#/apps/profile/company/1327004696","http://www.linkedin.com/company/selective-solar","","","Private","","No","","0","0","","","","","1159 Manor Dr","Lakewood","New Jersey","08701","United States","1159 Manor Dr, Lakewood, New Jersey, 08701, United States","1","","","","","","","instantexportexcel1714527043682"
"347637872","Earth Wind and Solar Group","www.my-solar.net","2011","(908) 269-8065","","","2156","$1 mil. - $5 mil.","8","Employees.5to9","1629","162","16;162;1629","237130","23713","23;237;2371;23713;237130","Construction","Civil Engineering Construction","Construction;Energy, Utilities & Waste","Civil Engineering Construction;Electricity, Oil & Gas","construction","construction.civil","","https://app.zoominfo.com/#/apps/profile/company/347637872","http://www.linkedin.com/company/earth-wind-&-solar-group","http://www.facebook.com/earthwindandsolargroup","http://www.twitter.com/njsolarenergy","Private","B2B","No","","0","0","","","","","62 Flocktown Rd","Long Valley","New Jersey","07853","United States","62 Flocktown Rd, Long Valley, New Jersey, 07853, United States","1","","","","","","","instantexportexcel1714527043682"
"1187985094","Solar King Enterprises","","","(732) 591-7180","","","141","Under $500,000","4","Employees.1to4","1629","162","16;162;1629","237130","23713","23;237;2371;23713;237130","Construction","Civil Engineering Construction","Construction","Civil Engineering Construction","construction","construction.civil","","https://app.zoominfo.com/#/apps/profile/company/1187985094","","","","Private","","No","","0","0","","","","","967 Lily Ct","Morganville","New Jersey","07751","United States","967 Lily Ct, Morganville, New Jersey, 07751, United States","1","","","","","","","instantexportexcel1714527043682"
"11012841","Aten Solar","www.atensolar.com","2004","(732) 810-1983","(732) 782-0350","","2666","$1 mil. - $5 mil.","6","Employees.5to9","5074","507","50;507;5074","423720","42372","42;423;4237;42372;423720","Energy, Utilities & Waste","Electricity, Oil & Gas","Energy, Utilities & Waste;Retail","Electricity, Oil & Gas;Home Improvement & Hardware Retail","energy","energy.energy","20248891","https://app.zoominfo.com/#/apps/profile/company/11012841","http://www.linkedin.com/company/aten-solar","http://www.facebook.com/atensolarcorp","http://www.twitter.com/atensolar","Private","B2C","Yes","March 03, 2021","0","0","","","","","49 Cliffwood Ave Ste 1A","Cliffwood","New Jersey","07721","United States","49 Cliffwood Ave Ste 1A, Cliffwood, New Jersey, 07721, United States","2","","","","","","","instantexportexcel1714527043682"
"1153093311","PaneltheEarth","www.paneltheearth.com","","(973) 826-0110","","","3107","$1 mil. - $5 mil.","14","Employees.10to19","7389","738","73;738;7389","561990","56199","56;561;5619;56199;561990","Consumer Services","","Consumer Services","","consumerservices","","","https://app.zoominfo.com/#/apps/profile/company/1153093311","","http://www.facebook.com/paneltheearthcom-746697918767218","","Private","B2C","No","","0","0","","","","","10 Chandler Dr","Wayne","New Jersey","07470","United States","10 Chandler Dr, Wayne, New Jersey, 07470, United States","1","","","","","","","instantexportexcel1714527043682"
"371567360","Solar Me","www.solarmeusa.com","2014","(844) 976-5276","","","3735","$1 mil. - $5 mil.","14","Employees.10to19","4911","491","49;491;4911","221114","22111","22;221;2211;22111;221114","Energy, Utilities & Waste","","Energy, Utilities & Waste","Electricity, Oil & Gas","energy","","11869402","https://app.zoominfo.com/#/apps/profile/company/371567360","http://www.linkedin.com/company/solar-me-usa","http://www.facebook.com/solarworksforme","","Private","B2B","Yes","March 02, 2022","0","0","","","","","110 Main St Ste 201","South Amboy","New Jersey","08879","United States","110 Main St Ste 201, South Amboy, New Jersey, 08879, United States","1","","","","","","","instantexportexcel1714527043682"
"437803757","Holistic Solar","holistic.solar","2017","(732) 757-5500","","","1280","$1 mil. - $5 mil.","8","Employees.5to9","4911","491","49;491;4911","221114","22111","22;221;2211;22111;221114","Energy, Utilities & Waste","Waste Treatment, Environmental Services & Recycling","Energy, Utilities & Waste","Waste Treatment, Environmental Services & Recycling;Electricity, Oil & Gas","energy","energy.environment","","https://app.zoominfo.com/#/apps/profile/company/437803757","","","","Private","","No","","0","0","","","","","105 Lock St 407","Newark","New Jersey","07103","United States","105 Lock St 407, Newark, New Jersey, 07103, United States","1","","","","","","","instantexportexcel1714527043682"
"397868796","Reliable Energy","www.reliableenergynj.com","2013","(973) 567-2236","","","2973","$1 mil. - $5 mil.","14","Employees.10to19","1731","173","17;173;1731","238210","23821","23;238;2382;23821;238210","Construction","Commercial & Residential Construction","Construction","Commercial & Residential Construction","construction","construction.construction","","https://app.zoominfo.com/#/apps/profile/company/397868796","http://www.linkedin.com/company/reliable-energy-of-new-jersey","http://www.facebook.com/njstandbyandsolar","","Private","B2B","No","","0","0","","","","","11 White Oak Rd","Roseland","New Jersey","07068","United States","11 White Oak Rd, Roseland, New Jersey, 07068, United States","2","","","","","","","instantexportexcel1714527043682"
"528016822","Summit Solar","www.summitsolarcorp.com","2016","(609) 423-2896","","","3557","$1 mil. - $5 mil.","67","Employees.50to99","1629","162","16;162;1629","237130","23713","23;237;2371;23713;237130","Construction","Civil Engineering Construction","Construction","Civil Engineering Construction","construction","construction.civil","9340982","https://app.zoominfo.com/#/apps/profile/company/528016822","http://www.linkedin.com/company/summit-solar-corp","http://www.facebook.com/solarwithsummit","","Private","B2B","Yes","January 02, 2024","0","0","","","","","5 Independence Way Ste 200","Princeton","New Jersey","08540","United States","5 Independence Way Ste 200, Princeton, New Jersey, 08540, United States","1","","","","","","","instantexportexcel1714527043682"
"358446218","Reneu Energy","www.reneuenergy.com","2012","(201) 743-9533","","","1444","$1 mil. - $5 mil.","5","Employees.5to9","4911","491","49;491;4911","221118","22111","22;221;2211;22111;221118","Energy, Utilities & Waste","Electricity, Oil & Gas","Energy, Utilities & Waste","Electricity, Oil & Gas","energy","energy.energy","","https://app.zoominfo.com/#/apps/profile/company/358446218","http://www.linkedin.com/company/reneu-energy","http://www.facebook.com/reneuenergy","","Private","B2C","Yes","May 03, 2022","0","0","","","","","101 Hudson St Ste 2100","Jersey City","New Jersey","07302","United States","101 Hudson St Ste 2100, Jersey City, New Jersey, 07302, United States","5","","","","","","","instantexportexcel1714527043682"
"359320907","Ocean Solar","www.oceansolar.com","2011","(609) 277-4354","","","889","$500,000 - $1 mil.","5","Employees.5to9","1629","162","16;162;1629","237130","23713","23;237;2371;23713;237130","Energy, Utilities & Waste","Waste Treatment, Environmental Services & Recycling","Energy, Utilities & Waste;Construction","Waste Treatment, Environmental Services & Recycling;Civil Engineering Construction","energy","energy.environment","","https://app.zoominfo.com/#/apps/profile/company/359320907","http://www.linkedin.com/company/ocean-solar-llc","http://www.facebook.com/oceansolar","http://www.twitter.com/ownyoursolar","Private","B2B","No","","20","20","Debt","February 10, 2021","PPP","PPP","16 Hidden Lake Dr","Cape May Court House","New Jersey","08210","United States","16 Hidden Lake Dr, Cape May Court House, New Jersey, 08210, United States","2","","","","","","","instantexportexcel1714527043682"
"551454385","Frightcastle.com","www.frightcastle.com","","(856) 845-1462","","","3458","$1 mil. - $5 mil.","16","Employees.10to19","5063","506","50;506;5063;56;52;53;54","423610","42361","42;423;4236;42361;423610","Retail","Consumer Electronics & Computers Retail","Retail","Consumer Electronics & Computers Retail","retail","retail.computer","","https://app.zoominfo.com/#/apps/profile/company/551454385","","","","Private","B2C","No","","0","0","","","","","459 Mantua Pike","Woodbury","New Jersey","08096","United States","459 Mantua Pike, Woodbury, New Jersey, 08096, United States","1","","","","","","","instantexportexcel1714527043682"
"348189395","East Coast Solar","www.eastcoastsolar.net","","(609) 601-9560","","","986","$500,000 - $1 mil.","6","Employees.5to9","7941","1629","79;794;7941;16;162;1629","237130","23713","71;713;711;23;237;2371;23713;237130","Construction","Civil Engineering Construction","Construction;Hospitality","Civil Engineering Construction;Sports Teams & Leagues","construction","construction.civil","","https://app.zoominfo.com/#/apps/profile/company/348189395","","","","Private","","No","","0","0","","","","","PO Box 1014","Absecon","New Jersey","08201","United States","PO Box 1014, Absecon, New Jersey, 08201, United States","","","","","","","","instantexportexcel1714527043682"
"347531535","Nanopv Solar","www.nano-pv.com","2005","(609) 851-3666","","","2316","$1 mil. - $5 mil.","10","Employees.10to19","1311","131","13;131;1311","211120","21112","21;211;2111;21112;211120","Energy, Utilities & Waste","Oil & Gas Exploration & Services","Energy, Utilities & Waste;Manufacturing","Oil & Gas Exploration & Services;Chemicals & Related Products","energy","energy.services","","https://app.zoominfo.com/#/apps/profile/company/347531535","http://www.linkedin.com/company/nanopv-technologies-inc-","","","Private","B2B","Yes","March 01, 2022","0","0","","","","","103 Carnegie Ctr","Princeton","New Jersey","08540","United States","103 Carnegie Ctr, Princeton, New Jersey, 08540, United States","4","","","","","","","instantexportexcel1714527043682"
"371553500","Mighty Max Battery","www.mightymaxbattery.com","2013","(855) 378-7135","","","1039","$1 mil. - $5 mil.","8","Employees.5to9","3692","3691","36;369;3692;29;21;26;39;3691","335911","335910","33;335;3359;33591;335910;335911","Manufacturing","Electronics","Manufacturing","Electronics","mfg","mfg.electronics","1167768","https://app.zoominfo.com/#/apps/profile/company/371553500","http://www.linkedin.com/company/mightymaxbattery","http://www.facebook.com/mightymaxbattery","http://www.twitter.com/mightymaxb","Private","B2B","Yes","May 14, 2021","0","0","","","","","3775 Park Ave Unit 3","Edison","New Jersey","08820","United States","3775 Park Ave Unit 3, Edison, New Jersey, 08820, United States","5","","","","","","","instantexportexcel1714527043682"
"50842759","CMI Interiors","www.cmiinteriorsinc.com","1993","(973) 912-0922","","","1237","$1 mil. - $5 mil.","9","Employees.5to9","5714","571","57;571;5714","449122","442291","44;449;4491;44912;449122;442;4422;44229;442291","Business Services","Multimedia & Graphic Design","Business Services;Retail","Multimedia & Graphic Design;Home Improvement & Hardware Retail","bizservice","bizservice.design","","https://app.zoominfo.com/#/apps/profile/company/50842759","http://www.linkedin.com/company/cmi-interiors-inc.","http://www.facebook.com/cmiinteriorsinc","http://www.twitter.com/cmiinteriors","Private","B2C","Yes","December 14, 2019","113","113","Debt","January 21, 2021","PPP","PPP","15 Brown Ave","Springfield","New Jersey","07081","United States","15 Brown Ave, Springfield, New Jersey, 07081, United States","1","","","","","","","instantexportexcel1714527043682"
"357249225","AWPS Renewable Energy","www.atlanticwastepower.com","2013","(862) 259-2641","","","2482","$1 mil. - $5 mil.","7","Employees.5to9","4911","491","49;491;4911","221118","22111","22;221;2211;22111;221118","Energy, Utilities & Waste","Electricity, Oil & Gas","Energy, Utilities & Waste","Electricity, Oil & Gas","energy","energy.energy","20765997","https://app.zoominfo.com/#/apps/profile/company/357249225","http://www.linkedin.com/company/atlantic-waste-and-power-inc","http://www.facebook.com/atlanticwastepower","http://www.twitter.com/atlanticwastepw","Private","B2C","No","","0","0","","","","","11 Stonehedge Ter","Sparta","New Jersey","07871","United States","11 Stonehedge Ter, Sparta, New Jersey, 07871, United States","1","","","","","","","instantexportexcel1714527043682"
"353848299","Princeton Engineering Services","princetonengineering.services","1999","(609) 452-9700","(609) 216-7629","","1788","$1 mil. - $5 mil.","16","Employees.10to19","8711","871","87;871;8711","541330","54133","54;541;5413;54133;541330","Construction","Architecture, Engineering & Design","Construction","Architecture, Engineering & Design","construction","construction.architecture","14573436","https://app.zoominfo.com/#/apps/profile/company/353848299","http://www.linkedin.com/company/princeton-engineering-services-pc","","","Private","B2B","Yes","June 15, 2022","290","140","Debt","February 02, 2021","PPP","PPP;PPP","101 Morgan Ln Ste 205","Plainsboro","New Jersey","08536","United States","101 Morgan Ln Ste 205, Plainsboro, New Jersey, 08536, United States","4","","","","","","","instantexportexcel1714527043682"
"529250513","Skylight Roofing & Restoration","www.skylight123.com","2021","(800) 328-5583","","","1094","$1 mil. - $5 mil.","5","Employees.5to9","1761","176","17;176;1761","238160","23816","23;238;2381;23816;238160","Construction","Commercial & Residential Construction","Construction","Commercial & Residential Construction","construction","construction.construction","","https://app.zoominfo.com/#/apps/profile/company/529250513","","http://www.facebook.com/skylightdevelopment","","Private","B2B","Yes","August 10, 2021","0","0","","","","","126 Grandview Ave","Trenton","New Jersey","08620","United States","126 Grandview Ave, Trenton, New Jersey, 08620, United States","1","","","","","","","instantexportexcel1714527043682"
"344475394","USA General Contractors","www.usagcc.com","1993","(908) 436-3739","(908) 436-1661","","3887","$1 mil. - $5 mil.","77","Employees.50to99","1761","176","17;176;1761","238160","23816","23;238;2381;23816;238160","Construction","Commercial & Residential Construction","Construction","Commercial & Residential Construction","construction","construction.construction","17270236","https://app.zoominfo.com/#/apps/profile/company/344475394","http://www.linkedin.com/company/usa-general-contractors-corp","http://www.facebook.com/usagcc","","Private","B2B","Yes","February 17, 2023","350","350","Debt","April 27, 2020","PPP","PPP","980 Dehart Pl","Elizabeth","New Jersey","07202","United States","980 Dehart Pl, Elizabeth, New Jersey, 07202, United States","3","","","","","","","instantexportexcel1714527043682"
"529677947","Solar Tire & Automotive Service","www.solartireandautomotive.com","","(973) 579-3355","","","899","$500,000 - $1 mil.","5","Employees.5to9","7538","753","75;753;7538","811111","81111","81;811;8111;81111;811111","Consumer Services","Automotive Service & Collision Repair","Consumer Services","Automotive Service & Collision Repair","consumerservices","consumerservices.auto","","https://app.zoominfo.com/#/apps/profile/company/529677947","http://www.linkedin.com/company/solar-tire-&-automotive-service","http://www.facebook.com/sublimetowing","","Private","B2C","No","","28","28","Debt","March 01, 2021","PPP","PPP","181 State Rte 15","Lafayette","New Jersey","07848","United States","181 State Rte 15, Lafayette, New Jersey, 07848, United States","2","","","","","","","instantexportexcel1714527043682"
"542244776","Frost Shades","www.frostshades.com","","(877) 993-7678","","","3643","$1 mil. - $5 mil.","10","Employees.10to19","1799","179","17;179;1799","238150","23815","23;238;2381;23815;238150","Construction","Commercial & Residential Construction","Construction","Commercial & Residential Construction","construction","construction.construction","14320286","https://app.zoominfo.com/#/apps/profile/company/542244776","http://www.linkedin.com/company/frost-shades","http://www.facebook.com/frost-shades-101715501563019","http://www.twitter.com/frostshadeshq","Private","B2B","Yes","February 15, 2022","0","0","","","","","695 Cross St Ste 189","Lakewood","New Jersey","08701","United States","695 Cross St Ste 189, Lakewood, New Jersey, 08701, United States","1","","","","","","","instantexportexcel1714527043682"
"347223367","Powerlease Solar Solutions","www.powerleasesolarsolutions.com","","(732) 746-3057","","","2838","$1 mil. - $5 mil.","7","Employees.5to9","1629","162","16;162;1629","237130","23713","23;237;2371;23713;237130","Energy, Utilities & Waste","","Energy, Utilities & Waste;Construction","Civil Engineering Construction","energy","","","https://app.zoominfo.com/#/apps/profile/company/347223367","http://www.linkedin.com/company/powerlease-solar-solutions-llc","","","Private","","No","","0","0","","","","","7 Lisa Dr","Brick","New Jersey","08724","United States","7 Lisa Dr, Brick, New Jersey, 08724, United States","1","","","","","","","instantexportexcel1714527043682"
"528991530","Solar Guardians USA","www.solarguardiansusa.com","","(856) 318-1703","","","946","$500,000 - $1 mil.","6","Employees.5to9","1629","162","16;162;1629","237130","23713","23;237;2371;23713;237130","Construction","Civil Engineering Construction","Construction","Civil Engineering Construction","construction","construction.civil","","https://app.zoominfo.com/#/apps/profile/company/528991530","","http://www.facebook.com/solar-guardians-usa-103322601401134","","Private","","No","","0","0","","","","","4171 Rte 42","Turnersville","New Jersey","08012","United States","4171 Rte 42, Turnersville, New Jersey, 08012, United States","1","","","","","","","instantexportexcel1714527043682"
